EmployeeID,Age,Gender,Department,JobRole,EducationLevel,MaritalStatus,YearsAtCompany,YearsInCurrentRole,YearsWithCurrManager,MonthlyIncome,JobSatisfaction,EnvironmentSatisfaction,RelationshipSatisfaction,WorkLifeBalance,PerformanceRating,DistanceFromHome,BusinessTravel,OverTime,TrainingTimesLastYear,StockOptionLevel,NumCompaniesWorked,Attrition,DataSource,AgeGroup,TenureGroup,SalaryGroup,PerformanceCategory,JobSatisfactionLevel,EnvironmentSatisfactionLevel,WorkLifeBalanceLevel,RetentionRisk,EmployeeValueScore,HireDate,HireYear,HireMonth,HireQuarter,IsHighPerformer,IsNewEmployee,IsOvertime,IsFrequentTraveler,IsHighDistance,IsAttrition
EMP000005,33,Female,Sales,Sales Representative,Bachelor,Single,0.7,0.6,0.4,5223,2,3,4,1,3,8,Travel_Rarely,No,6,0,1,Yes,Test,25-34,<1 Year,Low,Good,Medium,High,Low,High,107.0,2023-04-21,2023,4,2,0,1,0,0,0,1
EMP000008,41,Female,Marketing,Marketing Specialist,Master,Single,4.6,4.5,3.8,6253,3,3,3,3,3,1,Travel_Rarely,Yes,3,1,1,Yes,Train,35-44,3-5 Years,Medium-High,Good,High,High,High,High,120.0,2019-05-29,2019,5,2,0,0,1,0,0,1
EMP000010,39,Male,Finance,Financial Analyst,Bachelor,Single,0.5,0.2,0.2,6008,3,4,1,1,4,39,Travel_Rarely,Yes,5,0,5,Yes,Train,35-44,<1 Year,Medium-Low,Excellent,High,Very High,Low,High,130.0,2023-07-03,2023,7,3,1,1,1,0,1,1
EMP000017,26,Male,Sales,Account Manager,Master,Married,0.2,0.1,0.1,5128,4,3,4,2,3,2,Travel_Frequently,No,4,0,2,Yes,Test,25-34,<1 Year,Low,Good,Very High,High,Medium,High,98.0,2023-10-20,2023,10,4,0,1,0,1,0,1
EMP000034,26,Female,Sales,Sales Director,Bachelor,Married,1.9,0.6,0.2,5384,4,1,2,3,4,15,Travel_Frequently,Yes,3,0,1,Yes,Train,25-34,1-3 Years,Low,Excellent,Very High,Low,High,High,129.0,2022-02-07,2022,2,1,1,0,1,1,0,1
EMP000038,22,Female,Customer Service,Customer Success Manager,Bachelor,Single,0.1,0.1,0.1,3854,3,3,4,3,3,8,Travel_Rarely,Yes,2,1,2,Yes,Train,Under 25,<1 Year,Low,Good,High,High,High,High,89.0,2023-11-26,2023,11,4,0,1,1,0,0,1
EMP000041,40,Male,Finance,Financial Analyst,Bachelor,Single,1.1,1.0,0.8,6101,1,4,3,2,3,5,Travel_Rarely,No,4,1,1,Yes,Train,35-44,1-3 Years,Medium-Low,Good,Low,Very High,Medium,High,105.0,2022-11-26,2022,11,4,0,0,0,0,0,1
EMP000052,31,Male,Sales,Sales Manager,Bachelor,Married,0.3,0.3,0.3,5164,2,4,3,3,2,1,Travel_Rarely,Yes,0,0,1,Yes,Test,25-34,<1 Year,Low,Below Average,Medium,Very High,High,High,62.0,2023-09-14,2023,9,3,0,1,1,0,0,1
EMP000061,31,Female,Customer Service,Customer Service Rep,Bachelor,Married,9.7,3.7,2.1,5458,2,3,2,3,2,8,Travel_Frequently,Yes,5,2,1,Yes,Train,25-34,5-10 Years,Medium-Low,Below Average,Medium,High,High,High,124.0,2014-04-23,2014,4,2,0,0,1,1,0,1
EMP000064,25,Male,Human Resources,HR Specialist,Bachelor,Single,1.5,1.1,0.6,4923,3,2,4,3,3,5,Travel_Frequently,Yes,2,2,2,Yes,Test,Under 25,1-3 Years,Low,Good,High,Medium,High,High,98.0,2022-07-03,2022,7,3,0,0,1,1,0,1
EMP000065,41,Male,Engineering,Senior Engineer,High School,Single,1.9,1.7,0.4,7073,3,1,3,4,3,27,Travel_Frequently,No,6,0,1,Yes,Train,35-44,1-3 Years,High,Good,High,Low,Very High,High,117.0,2022-02-07,2022,2,1,0,0,0,1,1,1
EMP000069,37,Male,Operations,Process Analyst,High School,Single,2.0,1.6,1.3,5274,2,2,2,1,4,7,Non-Travel,No,0,0,5,Yes,Train,35-44,1-3 Years,Low,Excellent,Medium,Medium,Low,High,121.0,2022-01-01,2022,1,1,1,0,0,0,0,1
EMP000076,41,Female,Finance,Financial Analyst,Bachelor,Married,1.7,1.4,1.2,6187,2,4,4,4,3,1,Travel_Rarely,No,0,0,3,Yes,Train,35-44,1-3 Years,Medium-High,Good,Medium,Very High,Very High,High,96.0,2022-04-21,2022,4,2,0,0,0,0,0,1
EMP000088,37,Female,Customer Service,Customer Service Rep,Bachelor,Married,1.9,0.8,0.3,4137,4,4,4,1,4,3,Non-Travel,No,0,0,4,Yes,Train,35-44,1-3 Years,Low,Excellent,Very High,Very High,Low,High,118.0,2022-02-07,2022,2,1,1,0,0,0,0,1
EMP000091,35,Female,Operations,Operations Director,Bachelor,Single,20.0,9.5,2.7,8256,1,3,1,1,3,9,Travel_Rarely,No,2,1,5,Yes,Train,25-34,10+ Years,High,Good,Low,High,Low,High,198.0,2004-01-06,2004,1,1,0,0,0,0,0,1
EMP000093,29,Male,IT,System Administrator,Bachelor,Single,6.3,4.9,2.5,7416,3,3,4,2,2,13,Travel_Rarely,No,1,2,1,Yes,Train,25-34,5-10 Years,High,Below Average,High,High,Medium,High,99.0,2017-09-15,2017,9,3,0,0,0,0,0,1
EMP000094,32,Male,Sales,Sales Director,Bachelor,Single,6.1,3.8,2.9,6116,3,1,3,4,3,2,Travel_Frequently,No,2,1,1,Yes,Train,25-34,5-10 Years,Medium-Low,Good,High,Low,Very High,High,124.0,2017-11-27,2017,11,4,0,0,0,1,0,1
EMP000101,23,Male,IT,IT Support,Bachelor,Married,0.6,0.2,0.1,6452,3,3,4,1,3,20,Travel_Frequently,No,1,1,3,Yes,Train,Under 25,<1 Year,Medium-High,Good,High,High,Low,High,94.0,2023-05-27,2023,5,2,0,1,0,1,0,1
EMP000104,28,Male,Finance,Accountant,Bachelor,Married,0.2,0.2,0.2,5962,2,3,3,3,4,2,Travel_Frequently,No,3,1,2,Yes,Train,25-34,<1 Year,Medium-Low,Excellent,Medium,High,High,High,122.0,2023-10-20,2023,10,4,1,1,0,1,0,1
EMP000105,33,Male,Engineering,Architect,Bachelor,Married,1.0,0.7,0.6,6928,3,4,3,4,2,3,Travel_Frequently,No,2,1,1,Yes,Train,25-34,<1 Year,Medium-High,Below Average,High,Very High,Very High,Medium,75.0,2023-01-01,2023,1,1,0,1,0,1,0,1
EMP000111,22,Male,Sales,Sales Manager,Bachelor,Single,1.1,1.0,0.2,5289,2,4,4,2,2,2,Non-Travel,Yes,6,0,1,Yes,Train,Under 25,1-3 Years,Low,Below Average,Medium,Very High,Medium,High,84.0,2022-11-26,2022,11,4,0,0,1,0,0,1
EMP000112,34,Female,Finance,Finance Manager,Bachelor,Single,2.8,2.5,0.5,6402,3,3,3,2,3,6,Travel_Rarely,Yes,6,1,1,Yes,Train,25-34,1-3 Years,Medium-High,Good,High,High,Medium,High,120.0,2021-03-16,2021,3,1,0,0,1,0,0,1
EMP000120,41,Female,IT,System Administrator,High School,Divorced,1.3,0.8,0.3,6547,1,4,3,4,3,19,Non-Travel,No,4,3,1,Yes,Train,35-44,1-3 Years,Medium-High,Good,Low,Very High,Very High,High,107.0,2022-09-14,2022,9,3,0,0,0,0,0,1
EMP000131,22,Male,Finance,Financial Analyst,Master,Single,2.7,2.2,0.6,6356,3,4,3,1,4,7,Non-Travel,Yes,3,1,1,Yes,Train,Under 25,1-3 Years,Medium-High,Excellent,High,Very High,Low,High,135.0,2021-04-21,2021,4,2,1,0,1,0,0,1
EMP000132,35,Male,Marketing,Marketing Specialist,Bachelor,Married,0.5,0.4,0.2,5586,3,4,4,4,3,4,Non-Travel,No,2,0,3,Yes,Train,25-34,<1 Year,Medium-Low,Good,High,Very High,Very High,Medium,95.0,2023-07-03,2023,7,3,0,1,0,0,0,1
EMP000136,47,Male,Sales,Account Manager,Bachelor,Single,11.9,8.2,4.4,7087,3,4,2,3,2,5,Non-Travel,Yes,2,1,1,Yes,Test,45-54,10+ Years,High,Below Average,High,Very High,High,High,130.0,2012-02-10,2012,2,1,0,0,1,0,0,1
EMP000154,36,Female,Human Resources,HR Director,Master,Single,3.4,3.3,3.1,5254,2,3,3,3,3,16,Non-Travel,Yes,4,0,1,Yes,Test,35-44,3-5 Years,Low,Good,Medium,High,High,High,115.0,2020-08-08,2020,8,3,0,0,1,0,0,1
EMP000156,29,Male,Marketing,Brand Manager,High School,Married,0.9,0.9,0.5,5642,2,3,3,2,3,12,Travel_Rarely,Yes,2,1,2,Yes,Train,25-34,<1 Year,Medium-Low,Good,Medium,High,Medium,High,97.0,2023-02-07,2023,2,1,0,1,1,0,0,1
EMP000159,25,Male,Operations,Operations Director,Bachelor,Single,0.4,0.2,0.1,4997,3,1,3,3,3,6,Non-Travel,Yes,8,0,1,Yes,Train,Under 25,<1 Year,Low,Good,High,Low,High,High,111.0,2023-08-08,2023,8,3,0,1,1,0,0,1
EMP000161,27,Male,Operations,Operations Manager,High School,Married,0.9,0.5,0.4,5080,3,4,3,3,3,3,Travel_Rarely,Yes,2,1,2,Yes,Train,25-34,<1 Year,Low,Good,High,Very High,High,High,96.0,2023-02-07,2023,2,1,0,1,1,0,0,1
EMP000167,41,Male,Engineering,Architect,Bachelor,Single,4.1,3.6,2.9,7439,3,3,4,2,3,5,Travel_Rarely,Yes,4,1,2,Yes,Train,35-44,3-5 Years,High,Good,High,High,Medium,High,122.0,2019-11-27,2019,11,4,0,0,1,0,0,1
EMP000175,37,Female,Sales,Sales Manager,Bachelor,Married,0.7,0.4,0.3,5186,3,4,2,3,3,18,Travel_Rarely,No,4,2,5,Yes,Train,35-44,<1 Year,Low,Good,High,Very High,High,Medium,101.0,2023-04-21,2023,4,2,0,1,0,0,0,1
EMP000179,32,Male,IT,IT Manager,Bachelor,Divorced,0.5,0.2,0.1,6418,3,2,3,2,3,1,Travel_Frequently,Yes,3,0,1,Yes,Train,25-34,<1 Year,Medium-High,Good,High,Medium,Medium,High,99.0,2023-07-03,2023,7,3,0,1,1,1,0,1
EMP000183,26,Female,Sales,Account Manager,Bachelor,Married,1.0,0.5,0.3,5254,3,2,3,2,4,7,Travel_Rarely,No,1,0,3,Yes,Train,25-34,<1 Year,Low,Excellent,High,Medium,Medium,High,119.0,2023-01-01,2023,1,1,1,1,0,0,0,1
EMP000185,33,Male,Finance,Accountant,Master,Single,2.8,2.0,1.7,6383,3,1,2,1,1,4,Non-Travel,No,2,0,2,Yes,Train,25-34,1-3 Years,Medium-High,Poor,High,Low,Low,High,58.0,2021-03-16,2021,3,1,0,0,0,0,0,1
EMP000187,38,Female,Engineering,Architect,Master,Divorced,7.3,6.4,2.6,7981,3,3,1,3,1,2,Travel_Rarely,No,1,1,1,Yes,Train,35-44,5-10 Years,High,Poor,High,High,High,Low,80.0,2016-09-15,2016,9,3,0,0,0,0,0,1
EMP000193,36,Male,Finance,Finance Manager,Master,Divorced,1.1,1.1,0.3,6113,2,3,2,3,3,9,Travel_Frequently,No,5,2,2,Yes,Train,35-44,1-3 Years,Medium-Low,Good,Medium,High,High,High,108.0,2022-11-26,2022,11,4,0,0,0,1,0,1
EMP000194,25,Male,Sales,Sales Manager,Bachelor,Married,2.3,2.0,0.6,5459,3,3,2,4,3,16,Travel_Rarely,Yes,2,0,1,Yes,Test,Under 25,1-3 Years,Medium-Low,Good,High,High,Very High,High,103.0,2021-09-14,2021,9,3,0,0,1,0,0,1
EMP000197,27,Female,Sales,Sales Manager,Bachelor,Married,0.2,0.1,0.1,5138,2,3,3,4,3,9,Non-Travel,Yes,2,2,1,Yes,Train,25-34,<1 Year,Low,Good,Medium,High,Very High,High,92.0,2023-10-20,2023,10,4,0,1,1,0,0,1
EMP000199,35,Female,Sales,Sales Director,Master,Single,0.1,0.1,0.1,5124,3,3,3,2,2,1,Travel_Rarely,Yes,2,0,3,Yes,Train,25-34,<1 Year,Low,Below Average,High,High,Medium,High,67.0,2023-11-26,2023,11,4,0,1,1,0,0,1
EMP000200,25,Male,Human Resources,HR Specialist,Bachelor,Married,0.1,0.1,0.1,4702,4,3,2,2,3,1,Travel_Rarely,No,6,1,1,Yes,Train,Under 25,<1 Year,Low,Good,Very High,High,Medium,High,103.0,2023-11-26,2023,11,4,0,1,0,0,0,1
EMP000204,43,Female,Engineering,Architect,Bachelor,Married,17.3,15.8,15.5,9665,3,1,3,4,3,7,Travel_Frequently,Yes,0,0,3,Yes,Train,35-44,10+ Years,High,Good,High,Low,Very High,High,181.0,2006-09-18,2006,9,3,0,0,1,1,0,1
EMP000205,23,Male,Finance,Finance Manager,High School,Married,1.5,1.4,1.0,6186,3,3,2,1,3,25,Travel_Rarely,Yes,6,0,1,Yes,Train,Under 25,1-3 Years,Medium-High,Good,High,High,Low,High,113.0,2022-07-03,2022,7,3,0,0,1,0,1,1
EMP000209,39,Male,Human Resources,HR Manager,Bachelor,Married,4.5,3.5,3.5,5437,3,1,3,2,2,1,Travel_Rarely,No,3,0,3,Yes,Train,35-44,3-5 Years,Medium-Low,Below Average,High,Low,Medium,High,92.0,2019-07-04,2019,7,3,0,0,0,0,0,1
EMP000212,44,Male,Customer Service,Customer Service Rep,Master,Married,5.0,2.7,1.1,4671,2,4,4,1,3,1,Travel_Rarely,No,1,3,2,Yes,Train,35-44,3-5 Years,Low,Good,Medium,Very High,Low,High,112.0,2019-01-02,2019,1,1,0,0,0,0,0,1
EMP000213,42,Male,Engineering,Lead Engineer,High School,Divorced,5.2,2.6,1.3,7601,1,4,4,4,4,5,Non-Travel,No,0,0,2,Yes,Test,35-44,5-10 Years,High,Excellent,Low,Very High,Very High,High,141.0,2018-10-21,2018,10,4,1,0,0,0,0,1
EMP000221,53,Male,Finance,CFO,Bachelor,Married,0.1,0.1,0.1,5940,3,2,3,3,4,2,Travel_Rarely,No,2,1,5,Yes,Test,45-54,<1 Year,Medium-Low,Excellent,High,Medium,High,High,118.0,2023-11-26,2023,11,4,1,1,0,0,0,1
EMP000222,22,Female,Engineering,Software Engineer,Bachelor,Single,19.3,14.3,5.1,9970,3,2,3,2,2,11,Non-Travel,Yes,7,0,3,Yes,Train,Under 25,10+ Years,High,Below Average,High,Medium,Medium,High,187.0,2004-09-18,2004,9,3,0,0,1,0,0,1
EMP000228,26,Male,Operations,Process Analyst,Bachelor,Married,0.6,0.6,0.2,5016,4,3,4,2,3,8,Non-Travel,Yes,2,0,1,Yes,Train,25-34,<1 Year,Low,Good,Very High,High,Medium,High,94.0,2023-05-27,2023,5,2,0,1,1,0,0,1
EMP000250,38,Female,Operations,Process Analyst,Bachelor,Married,10.2,4.3,1.1,6641,3,1,3,2,3,16,Travel_Rarely,No,1,1,2,Yes,Test,35-44,10+ Years,Medium-High,Good,High,Low,Medium,High,142.0,2013-10-23,2013,10,4,0,0,0,0,0,1
EMP000267,48,Female,Operations,Process Analyst,Bachelor,Single,6.0,5.3,3.2,5921,3,3,3,3,3,2,Travel_Frequently,Yes,3,0,3,Yes,Test,45-54,5-10 Years,Medium-Low,Good,High,High,High,High,126.0,2018-01-02,2018,1,1,0,0,1,1,0,1
EMP000270,36,Male,Operations,Operations Director,Bachelor,Married,0.1,0.1,0.1,4960,4,3,4,4,3,9,Travel_Rarely,Yes,2,0,1,Yes,Test,35-44,<1 Year,Low,Good,Very High,High,Very High,Low,91.0,2023-11-26,2023,11,4,0,1,1,0,0,1
EMP000280,31,Male,Sales,Sales Manager,Bachelor,Married,1.4,0.6,0.2,5337,3,1,3,2,3,3,Travel_Frequently,No,4,2,3,Yes,Train,25-34,1-3 Years,Low,Good,High,Low,Medium,High,105.0,2022-08-09,2022,8,3,0,0,0,1,0,1
EMP000297,42,Female,Sales,Account Manager,Bachelor,Single,0.1,0.1,0.1,5098,3,2,3,4,3,7,Travel_Rarely,No,1,1,1,Yes,Train,35-44,<1 Year,Low,Good,High,Medium,Very High,High,89.0,2023-11-26,2023,11,4,0,1,0,0,0,1
EMP000315,45,Female,Human Resources,HR Specialist,Master,Married,0.5,0.5,0.2,4760,3,3,4,3,3,2,Travel_Rarely,No,3,3,1,Yes,Train,35-44,<1 Year,Low,Good,High,High,High,Medium,96.0,2023-07-03,2023,7,3,0,1,0,0,0,1
EMP000321,35,Male,Marketing,Brand Manager,Bachelor,Single,0.2,0.2,0.1,5551,1,1,3,2,3,6,Travel_Rarely,No,1,0,2,Yes,Test,25-34,<1 Year,Medium-Low,Good,Low,Low,Medium,High,90.0,2023-10-20,2023,10,4,0,1,0,0,0,1
EMP000323,28,Female,Engineering,Software Engineer,Bachelor,Married,2.8,2.7,1.8,7231,1,4,3,3,3,12,Travel_Frequently,No,3,1,4,Yes,Train,25-34,1-3 Years,High,Good,Low,Very High,High,High,112.0,2021-03-16,2021,3,1,0,0,0,1,0,1
EMP000324,51,Female,Sales,Sales Manager,Bachelor,Married,1.6,1.1,0.5,5341,2,3,2,1,3,1,Travel_Frequently,No,2,1,2,Yes,Test,45-54,1-3 Years,Low,Good,Medium,High,Low,High,100.0,2022-05-27,2022,5,2,0,0,0,1,0,1
EMP000325,26,Female,Sales,Account Manager,Master,Single,1.4,1.1,0.6,5334,3,3,3,4,2,11,Travel_Rarely,Yes,3,1,2,Yes,Test,25-34,1-3 Years,Low,Below Average,High,High,Very High,High,77.0,2022-08-09,2022,8,3,0,0,1,0,0,1
EMP000339,38,Male,Engineering,Software Engineer,Bachelor,Single,0.1,0.1,0.1,6773,4,3,4,2,4,2,Non-Travel,No,4,3,1,Yes,Train,35-44,<1 Year,Medium-High,Excellent,Very High,High,Medium,High,126.0,2023-11-26,2023,11,4,1,1,0,0,0,1
EMP000344,30,Female,Human Resources,HR Manager,High School,Married,9.9,6.3,5.5,6305,1,3,2,4,3,8,Travel_Rarely,Yes,5,0,1,Yes,Train,25-34,5-10 Years,Medium-High,Good,Low,High,Very High,High,152.0,2014-02-09,2014,2,1,0,0,1,0,0,1
EMP000349,29,Male,Sales,Sales Manager,Bachelor,Married,7.4,4.5,3.7,6344,4,3,4,3,2,2,Travel_Frequently,Yes,4,0,1,Yes,Train,25-34,5-10 Years,Medium-High,Below Average,Very High,High,High,Low,112.0,2016-08-09,2016,8,3,0,0,1,1,0,1
EMP000353,41,Male,Human Resources,Recruiter,High School,Married,15.5,6.2,3.3,7266,3,1,4,1,3,17,Travel_Rarely,No,1,1,1,Yes,Train,35-44,10+ Years,High,Good,High,Low,Low,High,170.0,2008-07-06,2008,7,3,0,0,0,0,0,1
EMP000355,34,Male,Sales,Account Manager,Bachelor,Single,8.2,3.5,3.2,6472,3,2,3,1,3,1,Travel_Rarely,No,5,0,1,Yes,Train,25-34,5-10 Years,Medium-High,Good,High,Medium,Low,High,144.0,2015-10-23,2015,10,4,0,0,0,0,0,1
EMP000362,47,Male,Marketing,Digital Marketer,Bachelor,Single,0.3,0.1,0.1,5562,2,1,1,1,3,20,Non-Travel,No,4,0,2,Yes,Test,45-54,<1 Year,Medium-Low,Good,Medium,Low,Low,High,100.0,2023-09-14,2023,9,3,0,1,0,0,0,1
EMP000386,36,Male,Engineering,Lead Engineer,Bachelor,Married,4.5,1.6,1.3,7499,4,4,3,2,3,1,Travel_Rarely,Yes,4,2,1,Yes,Train,35-44,3-5 Years,High,Good,Very High,Very High,Medium,High,124.0,2019-07-04,2019,7,3,0,0,1,0,0,1
EMP000390,30,Female,Marketing,Marketing Specialist,Master,Married,13.7,6.7,4.3,7779,3,1,3,4,3,1,Travel_Frequently,Yes,4,3,1,Yes,Train,25-34,10+ Years,High,Good,High,Low,Very High,High,171.0,2010-04-24,2010,4,2,0,0,1,1,0,1
EMP000395,44,Male,IT,IT Support,High School,Married,2.4,1.9,0.9,6757,1,4,3,4,2,1,Travel_Rarely,No,2,0,4,Yes,Test,35-44,1-3 Years,Medium-High,Below Average,Low,Very High,Very High,High,82.0,2021-08-08,2021,8,3,0,0,0,0,0,1
EMP000408,33,Female,Finance,Financial Analyst,Master,Divorced,2.5,0.8,0.3,6339,1,4,3,3,3,2,Travel_Rarely,Yes,4,1,1,Yes,Train,25-34,1-3 Years,Medium-High,Good,Low,Very High,High,High,112.0,2021-07-03,2021,7,3,0,0,1,0,0,1
EMP000410,39,Female,Marketing,Marketing Specialist,Bachelor,Married,0.6,0.2,0.1,5606,4,2,1,3,3,2,Travel_Rarely,No,5,2,1,Yes,Test,35-44,<1 Year,Medium-Low,Good,Very High,Medium,High,High,104.0,2023-05-27,2023,5,2,0,1,0,0,0,1
EMP000429,43,Female,Sales,Sales Manager,High School,Single,1.5,1.2,1.1,5358,2,3,3,3,2,2,Non-Travel,No,5,1,2,Yes,Test,35-44,1-3 Years,Low,Below Average,Medium,High,High,High,83.0,2022-07-03,2022,7,3,0,0,0,0,0,1
EMP000430,22,Male,Sales,Sales Director,Master,Married,4.2,1.5,0.3,5799,3,3,3,1,3,8,Non-Travel,No,2,1,1,Yes,Train,Under 25,3-5 Years,Medium-Low,Good,High,High,Low,High,114.0,2019-10-21,2019,10,4,0,0,0,0,0,1
EMP000439,22,Male,Finance,CFO,High School,Married,15.5,15.3,7.7,8492,2,3,1,1,2,2,Travel_Frequently,Yes,2,0,4,Yes,Train,Under 25,10+ Years,High,Below Average,Medium,High,Low,High,150.0,2008-07-06,2008,7,3,0,0,1,1,0,1
EMP000442,34,Female,Operations,Process Analyst,Bachelor,Divorced,8.7,4.2,2.2,6391,2,3,1,1,3,23,Non-Travel,No,6,0,3,Yes,Train,25-34,5-10 Years,Medium-High,Good,Medium,High,Low,High,149.0,2015-04-23,2015,4,2,0,0,0,0,1,1
EMP000446,40,Male,Marketing,Brand Manager,Bachelor,Single,0.3,0.3,0.3,5560,3,3,2,3,3,1,Travel_Frequently,No,5,1,2,Yes,Test,35-44,<1 Year,Medium-Low,Good,High,High,High,Medium,103.0,2023-09-14,2023,9,3,0,1,0,1,0,1
EMP000450,26,Male,Sales,Account Manager,Bachelor,Single,2.0,1.7,1.0,5424,3,3,3,3,3,24,Non-Travel,No,8,0,1,Yes,Train,25-34,1-3 Years,Medium-Low,Good,High,High,High,Low,120.0,2022-01-01,2022,1,1,0,0,0,0,1,1
EMP000455,30,Male,IT,IT Support,Bachelor,Single,0.2,0.1,0.1,6394,3,2,3,1,3,5,Travel_Rarely,Yes,2,0,2,Yes,Train,25-34,<1 Year,Medium-High,Good,High,Medium,Low,High,95.0,2023-10-20,2023,10,4,0,1,1,0,0,1
EMP000463,29,Male,Sales,Sales Representative,High School,Married,3.1,1.5,0.8,5596,3,4,3,1,1,8,Travel_Rarely,Yes,3,1,1,Yes,Train,25-34,3-5 Years,Medium-Low,Poor,High,Very High,Low,High,61.0,2020-11-26,2020,11,4,0,0,1,0,0,1
EMP000475,48,Female,Customer Service,Customer Service Rep,High School,Married,0.4,0.2,0.1,3917,4,2,3,3,1,8,Travel_Rarely,No,3,1,3,Yes,Test,45-54,<1 Year,Low,Poor,Very High,Medium,High,High,44.0,2023-08-08,2023,8,3,0,1,0,0,0,1
EMP000502,50,Male,Engineering,Software Engineer,Master,Married,0.6,0.3,0.3,6877,3,2,3,1,4,3,Travel_Rarely,Yes,2,0,1,Yes,Train,45-54,<1 Year,Medium-High,Excellent,High,Medium,Low,High,123.0,2023-05-27,2023,5,2,1,1,1,0,0,1
EMP000505,29,Male,Sales,Sales Manager,Bachelor,Single,8.3,6.2,2.1,6492,3,3,1,2,3,3,Travel_Rarely,Yes,4,2,1,Yes,Train,25-34,5-10 Years,Medium-High,Good,High,High,Medium,High,141.0,2015-09-16,2015,9,3,0,0,1,0,0,1
EMP000507,30,Female,Engineering,Software Engineer,Bachelor,Married,3.2,1.2,0.3,7286,3,3,2,1,3,2,Travel_Frequently,Yes,4,0,1,Yes,Test,25-34,3-5 Years,High,Good,High,High,Low,High,118.0,2020-10-20,2020,10,4,0,0,1,1,0,1
EMP000511,37,Male,Marketing,Marketing Specialist,High School,Married,3.9,3.4,1.4,6157,3,3,2,1,3,20,Travel_Frequently,No,1,0,2,Yes,Train,35-44,3-5 Years,Medium-Low,Good,High,High,Low,High,110.0,2020-02-08,2020,2,1,0,0,0,1,0,1
EMP000524,39,Female,Finance,CFO,Bachelor,Married,3.8,3.0,2.7,6561,3,4,4,3,2,20,Travel_Rarely,No,0,0,5,Yes,Train,35-44,3-5 Years,Medium-High,Below Average,High,Very High,High,Medium,82.0,2020-03-15,2020,3,1,0,0,0,0,0,1
EMP000532,22,Female,Engineering,Architect,Bachelor,Divorced,15.5,7.8,4.9,9324,3,2,1,3,3,1,Travel_Rarely,No,0,0,1,Yes,Train,Under 25,10+ Years,High,Good,High,Medium,High,High,171.0,2008-07-06,2008,7,3,0,0,0,0,0,1
EMP000535,29,Male,IT,IT Manager,Bachelor,Single,7.5,3.8,1.8,7598,2,3,4,1,3,2,Non-Travel,No,4,3,1,Yes,Train,25-34,5-10 Years,High,Good,Medium,High,Low,High,140.0,2016-07-04,2016,7,3,0,0,0,0,0,1
EMP000536,35,Female,Sales,Sales Manager,Bachelor,Single,5.7,4.0,2.3,6022,4,1,4,1,3,1,Non-Travel,No,7,2,1,Yes,Test,25-34,5-10 Years,Medium-Low,Good,Very High,Low,Low,High,137.0,2018-04-22,2018,4,2,0,0,0,0,0,1
EMP000537,28,Female,Sales,Sales Manager,Bachelor,Married,1.4,0.7,0.6,5316,4,3,3,2,3,4,Travel_Frequently,No,4,2,1,Yes,Test,25-34,1-3 Years,Low,Good,Very High,High,Medium,High,105.0,2022-08-09,2022,8,3,0,0,0,1,0,1
EMP000539,43,Male,Operations,Process Analyst,Master,Single,0.8,0.3,0.1,5041,3,2,3,3,1,1,Non-Travel,No,0,1,3,Yes,Train,35-44,<1 Year,Low,Poor,High,Medium,High,High,39.0,2023-03-15,2023,3,1,0,1,0,0,0,1
EMP000548,33,Female,Engineering,Software Engineer,Bachelor,Single,6.2,6.1,2.7,7803,1,4,4,2,3,1,Travel_Rarely,Yes,2,1,1,Yes,Train,25-34,5-10 Years,High,Good,Low,Very High,Medium,High,128.0,2017-10-21,2017,10,4,0,0,1,0,0,1
EMP000561,37,Female,Operations,Process Analyst,Bachelor,Single,1.3,0.8,0.8,5138,1,2,4,2,3,1,Travel_Rarely,No,2,0,4,Yes,Train,35-44,1-3 Years,Low,Good,Low,Medium,Medium,High,98.0,2022-09-14,2022,9,3,0,0,0,0,0,1
EMP000564,32,Male,IT,System Administrator,Bachelor,Single,0.5,0.4,0.1,6418,1,3,1,1,3,19,Non-Travel,No,2,1,4,Yes,Test,25-34,<1 Year,Medium-High,Good,Low,High,Low,High,96.0,2023-07-03,2023,7,3,0,1,0,0,0,1
EMP000565,44,Female,Marketing,Brand Manager,High School,Single,1.7,0.9,0.5,5804,1,3,2,3,2,2,Non-Travel,Yes,6,0,2,Yes,Train,35-44,1-3 Years,Medium-Low,Below Average,Low,High,High,High,88.0,2022-04-21,2022,4,2,0,0,1,0,0,1
EMP000571,35,Male,Operations,Operations Manager,Master,Married,13.0,10.3,3.6,7082,2,2,4,2,3,24,Travel_Rarely,Yes,3,1,5,Yes,Train,25-34,10+ Years,High,Good,Medium,Medium,Medium,High,163.0,2011-01-04,2011,1,1,0,0,1,0,1,1
EMP000581,37,Female,Engineering,Lead Engineer,Master,Single,2.7,2.5,1.6,7228,1,3,2,2,3,2,Travel_Rarely,Yes,0,0,2,Yes,Train,35-44,1-3 Years,High,Good,Low,High,Medium,High,103.0,2021-04-21,2021,4,2,0,0,1,0,0,1
EMP000583,40,Female,Marketing,Marketing Manager,Master,Single,4.5,1.9,0.8,6242,3,2,3,2,3,1,Travel_Frequently,Yes,2,1,2,Yes,Test,35-44,3-5 Years,Medium-High,Good,High,Medium,Medium,High,116.0,2019-07-04,2019,7,3,0,0,1,1,0,1
EMP000587,31,Male,Customer Service,Customer Service Rep,Bachelor,Single,0.3,0.2,0.1,3867,3,3,1,1,3,2,Non-Travel,No,3,1,3,Yes,Train,25-34,<1 Year,Low,Good,High,High,Low,High,93.0,2023-09-14,2023,9,3,0,1,0,0,0,1
EMP000596,30,Male,Operations,Operations Director,High School,Married,7.9,4.1,2.4,6266,3,2,4,4,3,15,Non-Travel,Yes,2,0,2,Yes,Train,25-34,5-10 Years,Medium-High,Good,High,Medium,Very High,High,133.0,2016-02-09,2016,2,1,0,0,1,0,0,1
EMP000600,38,Female,IT,System Administrator,Master,Married,1.8,1.5,0.4,6651,4,3,3,1,3,17,Non-Travel,Yes,4,0,5,Yes,Test,35-44,1-3 Years,Medium-High,Good,Very High,High,Low,High,109.0,2022-03-15,2022,3,1,0,0,1,0,0,1
EMP000607,28,Male,Finance,CFO,Master,Married,3.7,2.6,1.5,6536,1,1,4,2,3,7,Travel_Rarely,Yes,1,3,2,Yes,Train,25-34,3-5 Years,Medium-High,Good,Low,Low,Medium,High,110.0,2020-04-21,2020,4,2,0,0,1,0,0,1
EMP000632,47,Female,IT,IT Support,Master,Single,0.6,0.5,0.2,6466,3,2,4,3,1,18,Travel_Frequently,No,2,1,1,Yes,Train,45-54,<1 Year,Medium-High,Poor,High,Medium,High,High,47.0,2023-05-27,2023,5,2,0,1,0,1,0,1
EMP000634,31,Male,Operations,Operations Director,Bachelor,Single,0.3,0.3,0.3,4952,4,3,3,3,3,16,Non-Travel,No,4,0,2,Yes,Train,25-34,<1 Year,Low,Good,Very High,High,High,Low,98.0,2023-09-14,2023,9,3,0,1,0,0,0,1
EMP000644,22,Female,Finance,Finance Manager,Bachelor,Divorced,4.0,2.3,1.1,6601,4,4,4,3,1,5,Travel_Rarely,No,2,1,2,Yes,Train,Under 25,3-5 Years,Medium-High,Poor,Very High,Very High,High,Low,64.0,2020-01-02,2020,1,1,0,0,0,0,0,1
EMP000645,33,Female,Operations,Process Analyst,Bachelor,Married,2.3,0.9,0.6,5300,3,4,3,2,3,1,Travel_Frequently,No,1,0,3,Yes,Test,25-34,1-3 Years,Low,Good,High,Very High,Medium,High,100.0,2021-09-14,2021,9,3,0,0,0,1,0,1
EMP000657,35,Female,Customer Service,Customer Success Manager,High School,Married,0.3,0.1,0.1,3905,1,3,3,3,3,9,Non-Travel,No,3,0,2,Yes,Train,25-34,<1 Year,Low,Good,Low,High,High,High,93.0,2023-09-14,2023,9,3,0,1,0,0,0,1
EMP000675,23,Male,Sales,Account Manager,Bachelor,Divorced,0.5,0.2,0.1,5183,2,2,3,3,4,17,Travel_Rarely,Yes,0,1,2,Yes,Train,Under 25,<1 Year,Low,Excellent,Medium,Medium,High,High,113.0,2023-07-03,2023,7,3,1,1,1,0,0,1
EMP000693,26,Male,Customer Service,Customer Success Manager,High School,Divorced,0.4,0.4,0.3,3930,4,1,3,3,2,4,Travel_Rarely,No,2,1,2,Yes,Train,25-34,<1 Year,Low,Below Average,Very High,Low,High,High,66.0,2023-08-08,2023,8,3,0,1,0,0,0,1
EMP000697,37,Female,Finance,Accountant,Bachelor,Married,1.8,0.6,0.4,6226,3,4,3,3,3,3,Travel_Rarely,Yes,3,0,2,Yes,Train,35-44,1-3 Years,Medium-High,Good,High,Very High,High,High,105.0,2022-03-15,2022,3,1,0,0,1,0,0,1
EMP000711,36,Male,Engineering,Software Engineer,PhD,Married,18.4,13.7,11.4,9813,4,3,3,2,3,7,Travel_Rarely,Yes,5,3,5,Yes,Train,35-44,10+ Years,High,Good,Very High,High,Medium,High,202.0,2005-08-13,2005,8,3,0,0,1,0,0,1
EMP000713,30,Male,Sales,Account Manager,Bachelor,Married,2.2,1.7,1.0,5457,2,3,1,3,3,4,Travel_Rarely,No,2,0,1,Yes,Train,25-34,1-3 Years,Medium-Low,Good,Medium,High,High,High,103.0,2021-10-20,2021,10,4,0,0,0,0,0,1
EMP000728,37,Female,Sales,Sales Director,High School,Single,0.4,0.3,0.2,5141,4,2,3,3,2,4,Non-Travel,No,1,0,2,Yes,Train,35-44,<1 Year,Low,Below Average,Very High,Medium,High,High,65.0,2023-08-08,2023,8,3,0,1,0,0,0,1
EMP000754,43,Female,Human Resources,HR Director,High School,Single,0.9,0.9,0.8,4813,2,3,4,4,4,2,Travel_Rarely,No,1,1,3,Yes,Train,35-44,<1 Year,Low,Excellent,Medium,High,Very High,High,117.0,2023-02-07,2023,2,1,1,1,0,0,0,1
EMP000757,38,Male,Engineering,Software Engineer,Master,Single,0.5,0.3,0.1,6825,4,3,1,3,2,31,Non-Travel,No,5,0,4,Yes,Train,35-44,<1 Year,Medium-High,Below Average,Very High,High,High,Low,81.0,2023-07-03,2023,7,3,0,1,0,0,1,1
EMP000766,29,Male,Customer Service,Customer Service Rep,Master,Single,0.8,0.6,0.3,3988,4,4,2,4,3,1,Travel_Frequently,Yes,1,1,1,Yes,Train,25-34,<1 Year,Low,Good,Very High,Very High,Very High,Low,90.0,2023-03-15,2023,3,1,0,1,1,1,0,1
EMP000779,34,Female,Sales,Sales Manager,Bachelor,Married,0.9,0.5,0.1,5230,3,3,3,1,3,9,Travel_Rarely,Yes,1,1,1,Yes,Train,25-34,<1 Year,Low,Good,High,High,Low,High,93.0,2023-02-07,2023,2,1,0,1,1,0,0,1
EMP000786,43,Male,Sales,Sales Director,Bachelor,Married,6.7,6.6,1.6,6191,3,3,4,1,3,4,Travel_Rarely,No,4,3,1,Yes,Train,35-44,5-10 Years,Medium-High,Good,High,High,Low,High,133.0,2017-04-22,2017,4,2,0,0,0,0,0,1
EMP000787,41,Female,Customer Service,Customer Success Manager,Bachelor,Married,5.9,3.1,2.1,4825,4,2,2,1,2,1,Non-Travel,No,2,2,1,Yes,Train,35-44,5-10 Years,Low,Below Average,Very High,Medium,Low,High,95.0,2018-02-08,2018,2,1,0,0,0,0,0,1
EMP000801,42,Male,Engineering,Software Engineer,Bachelor,Divorced,2.0,1.6,1.3,7102,3,4,3,2,3,4,Travel_Rarely,No,4,2,3,Yes,Train,35-44,1-3 Years,High,Good,High,Very High,Medium,High,111.0,2022-01-01,2022,1,1,0,0,0,0,0,1
EMP000802,30,Male,Finance,Financial Analyst,Bachelor,Married,1.8,1.5,0.8,6232,4,3,1,3,3,16,Travel_Frequently,Yes,4,0,1,Yes,Test,25-34,1-3 Years,Medium-High,Good,Very High,High,High,Medium,108.0,2022-03-15,2022,3,1,0,0,1,1,0,1
EMP000813,46,Female,Marketing,Brand Manager,Master,Married,2.7,1.1,0.7,5960,3,4,3,2,4,37,Travel_Rarely,Yes,1,2,2,Yes,Train,45-54,1-3 Years,Medium-Low,Excellent,High,Very High,Medium,High,128.0,2021-04-21,2021,4,2,1,0,1,0,1,1
EMP000834,28,Male,Engineering,Software Engineer,Bachelor,Divorced,20.0,13.4,12.1,10069,3,3,4,3,3,15,Travel_Rarely,Yes,5,2,2,Yes,Train,25-34,10+ Years,High,Good,High,High,High,High,210.0,2004-01-06,2004,1,1,0,0,1,0,0,1
EMP000835,34,Male,Sales,Sales Manager,Bachelor,Single,0.3,0.1,0.1,5119,3,2,4,4,3,1,Travel_Frequently,No,1,2,3,Yes,Train,25-34,<1 Year,Low,Good,High,Medium,Very High,High,90.0,2023-09-14,2023,9,3,0,1,0,1,0,1
EMP000841,34,Male,Marketing,Marketing Specialist,PhD,Married,8.5,7.3,5.3,6948,3,2,2,1,2,1,Travel_Rarely,No,2,1,1,Yes,Train,25-34,5-10 Years,Medium-High,Below Average,High,Medium,Low,High,112.0,2015-07-05,2015,7,3,0,0,0,0,0,1
EMP000842,40,Female,IT,DevOps Engineer,Bachelor,Single,1.0,0.7,0.5,6531,3,4,4,4,4,11,Travel_Rarely,Yes,6,0,4,Yes,Train,35-44,<1 Year,Medium-High,Excellent,High,Very High,Very High,High,136.0,2023-01-01,2023,1,1,1,1,1,0,0,1
EMP000850,30,Female,Engineering,Software Engineer,Bachelor,Single,15.2,14.7,10.8,9295,3,1,4,2,3,17,Travel_Rarely,Yes,3,1,2,Yes,Test,25-34,10+ Years,High,Good,High,Low,Medium,High,179.0,2008-10-23,2008,10,4,0,0,1,0,0,1
EMP000855,46,Female,Customer Service,Customer Success Manager,Bachelor,Married,7.1,6.0,4.5,5020,3,1,2,3,3,6,Travel_Frequently,No,3,1,2,Yes,Train,45-54,5-10 Years,Low,Good,High,Low,High,High,130.0,2016-11-27,2016,11,4,0,0,0,1,0,1
EMP000858,38,Female,IT,IT Support,Bachelor,Single,1.2,0.8,0.4,6535,1,3,4,1,3,9,Travel_Rarely,No,3,0,2,Yes,Train,35-44,1-3 Years,Medium-High,Good,Low,High,Low,High,103.0,2022-10-20,2022,10,4,0,0,0,0,0,1
EMP000865,30,Male,Finance,CFO,Bachelor,Married,12.4,6.8,5.0,7967,3,4,1,3,4,17,Non-Travel,No,2,1,1,Yes,Test,25-34,10+ Years,High,Excellent,High,Very High,High,Low,184.0,2011-08-11,2011,8,3,1,0,0,0,0,1
EMP000868,37,Female,Engineering,Software Engineer,Bachelor,Married,0.8,0.6,0.4,6889,2,3,1,3,3,1,Travel_Frequently,No,5,0,1,Yes,Test,35-44,<1 Year,Medium-High,Good,Medium,High,High,High,108.0,2023-03-15,2023,3,1,0,1,0,1,0,1
EMP000873,23,Female,Sales,Sales Manager,Bachelor,Divorced,1.1,1.0,0.8,5262,3,3,2,3,3,3,Travel_Rarely,No,2,1,3,Yes,Train,Under 25,1-3 Years,Low,Good,High,High,High,Medium,97.0,2022-11-26,2022,11,4,0,0,0,0,0,1
EMP000874,29,Female,Sales,Sales Manager,Bachelor,Single,0.5,0.3,0.1,5186,2,4,2,4,4,1,Travel_Frequently,No,4,1,1,Yes,Train,25-34,<1 Year,Low,Excellent,Medium,Very High,Very High,High,125.0,2023-07-03,2023,7,3,1,1,0,1,0,1
EMP000875,34,Female,Customer Service,Customer Success Manager,Bachelor,Married,0.1,0.1,0.1,3840,3,2,4,4,3,50,Non-Travel,No,8,0,1,Yes,Train,25-34,<1 Year,Low,Good,High,Medium,Very High,High,107.0,2023-11-26,2023,11,4,0,1,0,0,1,1
EMP000881,55,Female,Finance,Accountant,High School,Divorced,6.1,2.6,0.8,6945,4,3,3,2,2,13,Travel_Rarely,Yes,5,2,1,Yes,Train,45-54,5-10 Years,Medium-High,Below Average,Very High,High,Medium,High,109.0,2017-11-27,2017,11,4,0,0,1,0,0,1
EMP000883,31,Female,Marketing,Marketing Specialist,Bachelor,Divorced,6.8,6.7,5.5,6620,3,4,3,1,2,31,Non-Travel,Yes,1,2,3,Yes,Train,25-34,5-10 Years,Medium-High,Below Average,High,Very High,Low,High,100.0,2017-03-16,2017,3,1,0,0,1,0,1,1
EMP000884,43,Female,Sales,Account Manager,Master,Married,1.4,0.8,0.2,5344,3,3,3,3,3,4,Non-Travel,Yes,2,1,1,Yes,Train,35-44,1-3 Years,Low,Good,High,High,High,High,99.0,2022-08-09,2022,8,3,0,0,1,0,0,1
EMP000895,46,Male,Sales,Sales Representative,Bachelor,Married,1.1,0.6,0.2,5291,2,1,4,2,3,11,Travel_Rarely,No,2,0,2,Yes,Test,45-54,1-3 Years,Low,Good,Medium,Low,Medium,High,97.0,2022-11-26,2022,11,4,0,0,0,0,0,1
EMP000896,40,Female,Customer Service,Customer Success Manager,Bachelor,Married,1.0,0.5,0.3,4012,2,3,3,2,3,2,Travel_Rarely,No,2,0,2,Yes,Test,35-44,<1 Year,Low,Good,Medium,High,Medium,High,94.0,2023-01-01,2023,1,1,0,1,0,0,0,1
EMP000897,33,Female,Human Resources,HR Specialist,Bachelor,Married,0.6,0.6,0.2,4755,4,4,1,4,4,1,Non-Travel,No,2,0,4,Yes,Train,25-34,<1 Year,Low,Excellent,Very High,Very High,Very High,Low,119.0,2023-05-27,2023,5,2,1,1,0,0,0,1
EMP000906,35,Male,Engineering,Software Engineer,High School,Single,1.0,0.9,0.2,6928,3,2,4,3,3,27,Travel_Rarely,No,3,2,2,Yes,Train,25-34,<1 Year,Medium-High,Good,High,Medium,High,High,103.0,2023-01-01,2023,1,1,0,1,0,0,1,1
EMP000909,40,Male,Engineering,Senior Engineer,PhD,Married,0.4,0.2,0.1,6829,3,2,3,3,2,9,Travel_Rarely,No,3,1,4,Yes,Train,35-44,<1 Year,Medium-High,Below Average,High,Medium,High,High,75.0,2023-08-08,2023,8,3,0,1,0,0,0,1
EMP000910,52,Female,Engineering,Software Engineer,High School,Single,7.1,2.5,1.2,7937,4,3,4,4,2,11,Non-Travel,Yes,7,0,1,Yes,Train,45-54,5-10 Years,High,Below Average,Very High,High,Very High,Low,122.0,2016-11-27,2016,11,4,0,0,1,0,0,1
EMP000911,32,Female,Customer Service,Customer Service Rep,Bachelor,Married,7.7,5.3,4.4,5150,1,3,2,3,4,1,Travel_Frequently,Yes,3,0,1,Yes,Test,25-34,5-10 Years,Low,Excellent,Low,High,High,High,158.0,2016-04-22,2016,4,2,1,0,1,1,0,1
EMP000916,37,Female,Sales,Account Manager,High School,Single,2.0,0.7,0.7,5409,3,4,2,4,2,9,Travel_Rarely,Yes,5,0,1,Yes,Train,35-44,1-3 Years,Medium-Low,Below Average,High,Very High,Very High,High,86.0,2022-01-01,2022,1,1,0,0,1,0,0,1
EMP000921,43,Female,IT,DevOps Engineer,High School,Single,0.9,0.7,0.2,6474,1,2,1,2,3,11,Travel_Frequently,No,2,2,1,Yes,Train,35-44,<1 Year,Medium-High,Good,Low,Medium,Medium,High,98.0,2023-02-07,2023,2,1,0,1,0,1,0,1
EMP000930,34,Male,Finance,Finance Manager,Bachelor,Single,6.6,5.4,2.4,7034,3,3,2,2,3,26,Non-Travel,Yes,3,1,3,Yes,Test,25-34,5-10 Years,High,Good,High,High,Medium,High,131.0,2017-05-28,2017,5,2,0,0,1,0,1,1
EMP000931,30,Male,Operations,Operations Director,Bachelor,Single,0.1,0.1,0.1,4935,3,2,4,3,3,11,Non-Travel,Yes,2,0,3,Yes,Train,25-34,<1 Year,Low,Good,High,Medium,High,High,91.0,2023-11-26,2023,11,4,0,1,1,0,0,1
EMP000938,40,Female,Customer Service,Customer Service Rep,Master,Married,0.9,0.9,0.3,3971,2,2,4,2,2,7,Travel_Rarely,No,0,1,1,Yes,Train,35-44,<1 Year,Low,Below Average,Medium,Medium,Medium,High,62.0,2023-02-07,2023,2,1,0,1,0,0,0,1
EMP000953,24,Male,Engineering,Architect,Bachelor,Married,2.1,0.9,0.6,7131,4,3,4,1,3,6,Travel_Rarely,No,2,2,2,Yes,Train,Under 25,1-3 Years,High,Good,Very High,High,Low,High,106.0,2021-11-26,2021,11,4,0,0,0,0,0,1
EMP000959,39,Female,Engineering,Architect,Bachelor,Single,0.8,0.5,0.5,6900,3,3,4,2,3,1,Travel_Rarely,Yes,3,0,1,Yes,Train,35-44,<1 Year,Medium-High,Good,High,High,Medium,High,102.0,2023-03-15,2023,3,1,0,1,1,0,0,1
EMP000960,38,Male,Sales,Sales Director,Master,Married,0.9,0.6,0.5,5219,2,2,3,1,3,11,Travel_Rarely,No,6,0,1,Yes,Train,35-44,<1 Year,Low,Good,Medium,Medium,Low,High,108.0,2023-02-07,2023,2,1,0,1,0,0,0,1
EMP000970,23,Male,Operations,Process Analyst,Bachelor,Single,0.3,0.2,0.1,4989,3,4,3,3,3,21,Travel_Rarely,No,1,3,2,Yes,Train,Under 25,<1 Year,Low,Good,High,Very High,High,Medium,89.0,2023-09-14,2023,9,3,0,1,0,0,1,1
EMP000971,36,Male,Sales,Sales Manager,Bachelor,Married,2.2,1.6,0.9,5481,1,2,4,3,3,8,Non-Travel,No,0,3,1,Yes,Test,35-44,1-3 Years,Medium-Low,Good,Low,Medium,High,High,97.0,2021-10-20,2021,10,4,0,0,0,0,0,1
EMP000978,22,Male,Human Resources,HR Specialist,Bachelor,Single,4.1,2.9,1.7,5376,4,3,4,4,3,1,Non-Travel,Yes,7,1,2,Yes,Test,Under 25,3-5 Years,Low,Good,Very High,High,Very High,Low,127.0,2019-11-27,2019,11,4,0,0,1,0,0,1
EMP000981,41,Female,Engineering,Software Engineer,High School,Married,0.6,0.2,0.1,6876,3,3,4,3,3,39,Travel_Rarely,No,4,0,2,Yes,Train,35-44,<1 Year,Medium-High,Good,High,High,High,Medium,104.0,2023-05-27,2023,5,2,0,1,0,0,1,1
EMP000982,38,Male,Sales,Sales Representative,Bachelor,Married,1.4,1.2,0.4,5325,1,3,3,1,2,6,Travel_Rarely,No,1,1,1,Yes,Train,35-44,1-3 Years,Low,Below Average,Low,High,Low,High,71.0,2022-08-09,2022,8,3,0,0,0,0,0,1
EMP000999,30,Male,Sales,Sales Manager,Bachelor,Married,0.6,0.4,0.2,5192,3,3,2,3,2,10,Travel_Frequently,No,2,1,2,Yes,Train,25-34,<1 Year,Low,Below Average,High,High,High,Medium,69.0,2023-05-27,2023,5,2,0,1,0,1,0,1
EMP001000,39,Male,Human Resources,HR Specialist,Bachelor,Married,13.7,5.9,2.7,6941,3,2,1,1,3,11,Non-Travel,No,3,0,2,Yes,Test,35-44,10+ Years,Medium-High,Good,High,Medium,Low,High,166.0,2010-04-24,2010,4,2,0,0,0,0,0,1
EMP001015,48,Male,Sales,Account Manager,Bachelor,Single,1.2,0.7,0.6,5276,4,3,4,2,3,5,Non-Travel,Yes,1,0,3,Yes,Test,45-54,1-3 Years,Low,Good,Very High,High,Medium,High,95.0,2022-10-20,2022,10,4,0,0,1,0,0,1
EMP001024,52,Male,Human Resources,HR Specialist,Master,Married,0.3,0.2,0.1,4737,1,3,2,1,3,13,Non-Travel,No,1,0,1,Yes,Train,45-54,<1 Year,Low,Good,Low,High,Low,High,89.0,2023-09-14,2023,9,3,0,1,0,0,0,1
EMP001035,31,Male,Operations,Operations Director,Bachelor,Single,2.4,2.2,1.4,5332,3,4,3,1,4,8,Travel_Rarely,Yes,1,2,2,Yes,Test,25-34,1-3 Years,Low,Excellent,High,Very High,Low,High,126.0,2021-08-08,2021,8,3,1,0,1,0,0,1
EMP001037,25,Male,Engineering,Software Engineer,Bachelor,Married,9.0,6.7,6.7,8242,2,4,3,1,3,8,Travel_Rarely,No,3,3,1,Yes,Train,Under 25,5-10 Years,High,Good,Medium,Very High,Low,High,145.0,2015-01-03,2015,1,1,0,0,0,0,0,1
EMP001043,43,Female,Sales,Sales Director,High School,Single,1.3,1.0,0.2,5304,3,1,3,3,4,13,Non-Travel,No,3,1,1,Yes,Train,35-44,1-3 Years,Low,Excellent,High,Low,High,High,126.0,2022-09-14,2022,9,3,1,0,0,0,0,1
EMP001048,22,Female,Engineering,Architect,High School,Single,0.7,0.6,0.1,6869,3,3,3,3,3,1,Non-Travel,No,2,2,4,Yes,Train,Under 25,<1 Year,Medium-High,Good,High,High,High,Medium,98.0,2023-04-21,2023,4,2,0,1,0,0,0,1
EMP001053,38,Male,Sales,Sales Representative,Master,Divorced,0.9,0.8,0.7,5241,3,2,4,1,3,1,Travel_Frequently,No,3,2,3,Yes,Train,35-44,<1 Year,Low,Good,High,Medium,Low,High,99.0,2023-02-07,2023,2,1,0,1,0,1,0,1
EMP001055,30,Male,Sales,Account Manager,Bachelor,Married,1.1,0.7,0.5,5287,1,3,1,2,2,5,Non-Travel,Yes,3,0,4,Yes,Train,25-34,1-3 Years,Low,Below Average,Low,High,Medium,High,75.0,2022-11-26,2022,11,4,0,0,1,0,0,1
EMP001057,34,Male,Human Resources,HR Manager,Master,Married,9.8,4.8,3.8,6294,4,3,2,3,3,3,Non-Travel,No,0,0,1,Yes,Test,25-34,5-10 Years,Medium-High,Good,Very High,High,High,Medium,137.0,2014-03-17,2014,3,1,0,0,0,0,0,1
EMP001065,32,Male,Operations,Operations Manager,Master,Divorced,1.0,0.4,0.2,5094,3,3,3,4,3,18,Travel_Rarely,No,2,1,1,Yes,Test,25-34,<1 Year,Low,Good,High,High,Very High,Medium,96.0,2023-01-01,2023,1,1,0,1,0,0,0,1
EMP001072,38,Male,Sales,Sales Manager,Bachelor,Married,5.8,4.8,4.2,6058,1,2,2,4,3,8,Travel_Rarely,No,5,1,2,Yes,Train,35-44,5-10 Years,Medium-Low,Good,Low,Medium,Very High,High,131.0,2018-03-16,2018,3,1,0,0,0,0,0,1
EMP001082,32,Female,Sales,Sales Representative,Bachelor,Married,1.3,0.7,0.4,5331,3,3,2,2,3,4,Travel_Rarely,Yes,5,0,4,Yes,Train,25-34,1-3 Years,Low,Good,High,High,Medium,High,107.0,2022-09-14,2022,9,3,0,0,1,0,0,1
EMP001087,43,Male,Sales,Sales Manager,Bachelor,Married,0.1,0.1,0.1,5121,3,3,3,3,3,1,Travel_Rarely,No,3,1,1,Yes,Train,35-44,<1 Year,Low,Good,High,High,High,Medium,95.0,2023-11-26,2023,11,4,0,1,0,0,0,1
EMP001094,35,Female,Operations,Process Analyst,Bachelor,Married,2.4,1.0,0.4,5306,4,4,3,3,3,9,Travel_Rarely,Yes,4,1,2,Yes,Train,25-34,1-3 Years,Low,Good,Very High,Very High,High,Low,110.0,2021-08-08,2021,8,3,0,0,1,0,0,1
EMP001097,35,Female,Marketing,Marketing Specialist,Bachelor,Single,5.7,3.9,3.6,6483,3,4,3,3,4,1,Travel_Frequently,No,6,3,1,Yes,Train,25-34,5-10 Years,Medium-High,Excellent,High,Very High,High,Low,159.0,2018-04-22,2018,4,2,1,0,0,1,0,1
EMP001098,22,Male,Sales,Account Manager,Bachelor,Married,1.6,1.2,0.9,5382,3,2,3,3,3,2,Non-Travel,No,0,2,5,Yes,Train,Under 25,1-3 Years,Low,Good,High,Medium,High,High,94.0,2022-05-27,2022,5,2,0,0,0,0,0,1
EMP001100,37,Male,Finance,Finance Manager,Master,Divorced,0.3,0.2,0.1,5967,1,4,1,1,2,2,Non-Travel,Yes,3,0,1,Yes,Train,35-44,<1 Year,Medium-Low,Below Average,Low,Very High,Low,High,72.0,2023-09-14,2023,9,3,0,1,1,0,0,1
EMP001103,51,Female,Finance,Accountant,Bachelor,Single,0.2,0.2,0.2,5976,2,3,3,3,3,3,Non-Travel,Yes,3,2,2,Yes,Test,45-54,<1 Year,Medium-Low,Good,Medium,High,High,High,97.0,2023-10-20,2023,10,4,0,1,1,0,0,1
EMP001109,30,Male,Finance,Financial Analyst,High School,Single,1.1,1.0,0.5,6123,1,3,4,2,2,3,Travel_Rarely,No,3,1,5,Yes,Train,25-34,1-3 Years,Medium-Low,Below Average,Low,High,Medium,High,77.0,2022-11-26,2022,11,4,0,0,0,0,0,1
EMP001123,40,Male,IT,DevOps Engineer,High School,Single,6.7,5.1,1.7,7459,4,4,1,1,3,5,Travel_Rarely,No,3,0,2,Yes,Test,35-44,5-10 Years,High,Good,Very High,Very High,Low,High,132.0,2017-04-22,2017,4,2,0,0,0,0,0,1
EMP001134,38,Male,Engineering,Software Engineer,Bachelor,Single,0.6,0.6,0.5,6836,4,3,3,1,3,30,Non-Travel,Yes,3,0,1,Yes,Train,35-44,<1 Year,Medium-High,Good,Very High,High,Low,High,101.0,2023-05-27,2023,5,2,0,1,1,0,1,1
EMP001136,42,Male,Sales,Sales Manager,Master,Married,0.8,0.5,0.5,5217,4,3,4,2,2,1,Travel_Frequently,Yes,1,3,2,Yes,Train,35-44,<1 Year,Low,Below Average,Very High,High,Medium,High,67.0,2023-03-15,2023,3,1,0,1,1,1,0,1
EMP001141,32,Male,Sales,Sales Manager,Bachelor,Single,0.7,0.2,0.1,5218,2,3,2,4,3,1,Non-Travel,No,3,1,3,Yes,Train,25-34,<1 Year,Low,Good,Medium,High,Very High,High,98.0,2023-04-21,2023,4,2,0,1,0,0,0,1
EMP001143,33,Female,Sales,Sales Manager,Bachelor,Married,3.2,1.6,1.5,5641,3,4,2,3,3,1,Non-Travel,No,2,0,2,Yes,Train,25-34,3-5 Years,Medium-Low,Good,High,Very High,High,Low,108.0,2020-10-20,2020,10,4,0,0,0,0,0,1
EMP001144,36,Male,Sales,Sales Manager,Master,Divorced,0.5,0.3,0.3,5154,1,1,3,2,3,5,Travel_Rarely,Yes,7,1,1,Yes,Test,35-44,<1 Year,Low,Good,Low,Low,Medium,High,109.0,2023-07-03,2023,7,3,0,1,1,0,0,1
EMP001146,35,Male,Marketing,Brand Manager,Bachelor,Single,0.3,0.3,0.1,5560,2,2,3,1,3,2,Non-Travel,No,1,2,2,Yes,Train,25-34,<1 Year,Medium-Low,Good,Medium,Medium,Low,High,91.0,2023-09-14,2023,9,3,0,1,0,0,0,1
EMP001165,43,Female,Engineering,Senior Engineer,PhD,Single,2.5,0.8,0.7,7194,3,1,1,3,3,8,Travel_Frequently,No,5,1,2,Yes,Train,35-44,1-3 Years,High,Good,High,Low,High,High,117.0,2021-07-03,2021,7,3,0,0,0,1,0,1
EMP001173,35,Male,Sales,Sales Manager,High School,Married,0.8,0.5,0.5,5250,4,3,4,3,4,2,Travel_Rarely,No,2,1,2,Yes,Train,25-34,<1 Year,Low,Excellent,Very High,High,High,Low,120.0,2023-03-15,2023,3,1,1,1,0,0,0,1
EMP001179,27,Male,Sales,Account Manager,High School,Single,1.9,1.9,0.7,5421,3,3,4,1,2,1,Travel_Rarely,No,6,0,6,Yes,Train,25-34,1-3 Years,Medium-Low,Below Average,High,High,Low,High,88.0,2022-02-07,2022,2,1,0,0,0,0,0,1
EMP001182,46,Female,IT,IT Manager,Bachelor,Married,0.8,0.5,0.2,6465,2,4,3,2,4,5,Travel_Frequently,Yes,6,2,5,Yes,Test,45-54,<1 Year,Medium-High,Excellent,Medium,Very High,Medium,High,135.0,2023-03-15,2023,3,1,1,1,1,1,0,1
EMP001188,33,Male,Finance,Finance Manager,Bachelor,Single,1.0,0.8,0.5,6096,4,1,1,3,3,5,Travel_Frequently,No,1,0,1,Yes,Train,25-34,<1 Year,Medium-Low,Good,Very High,Low,High,High,95.0,2023-01-01,2023,1,1,0,1,0,1,0,1
EMP001189,39,Female,Marketing,Brand Manager,Bachelor,Married,1.6,0.5,0.3,5783,3,3,4,2,3,1,Travel_Rarely,No,1,1,1,Yes,Test,35-44,1-3 Years,Medium-Low,Good,High,High,Medium,High,98.0,2022-05-27,2022,5,2,0,0,0,0,0,1
EMP001190,27,Female,Sales,Account Manager,High School,Single,0.7,0.5,0.1,5184,3,3,2,3,3,24,Non-Travel,Yes,4,0,2,Yes,Train,25-34,<1 Year,Low,Good,High,High,High,High,101.0,2023-04-21,2023,4,2,0,1,1,0,1,1
EMP001194,37,Female,Marketing,Digital Marketer,Bachelor,Married,5.7,5.4,4.6,6478,3,4,4,2,3,11,Travel_Rarely,Yes,4,0,3,Yes,Test,35-44,5-10 Years,Medium-High,Good,High,Very High,Medium,High,128.0,2018-04-22,2018,4,2,0,0,1,0,0,1
EMP001206,35,Female,Operations,Operations Manager,PhD,Single,0.8,0.4,0.3,5044,3,3,4,3,3,1,Travel_Frequently,Yes,6,2,1,Yes,Train,25-34,<1 Year,Low,Good,High,High,High,High,107.0,2023-03-15,2023,3,1,0,1,1,1,0,1
EMP001220,52,Male,Human Resources,Recruiter,Master,Married,1.4,0.9,0.6,4913,1,3,2,3,3,1,Non-Travel,No,1,1,2,Yes,Test,45-54,1-3 Years,Low,Good,Low,High,High,High,95.0,2022-08-09,2022,8,3,0,0,0,0,0,1
EMP001221,25,Male,Sales,Account Manager,High School,Single,0.8,0.4,0.1,5239,4,3,2,3,3,13,Non-Travel,No,2,0,1,Yes,Train,Under 25,<1 Year,Low,Good,Very High,High,High,Low,95.0,2023-03-15,2023,3,1,0,1,0,0,0,1
EMP001232,24,Female,Sales,Sales Director,Bachelor,Single,4.8,4.6,4.0,5888,1,3,4,4,3,1,Non-Travel,No,3,0,2,Yes,Train,Under 25,3-5 Years,Medium-Low,Good,Low,High,Very High,High,120.0,2019-03-16,2019,3,1,0,0,0,0,0,1
EMP001238,30,Male,IT,IT Support,High School,Married,2.6,2.0,1.6,6753,3,3,3,1,4,9,Non-Travel,No,5,1,2,Yes,Train,25-34,1-3 Years,Medium-High,Excellent,High,High,Low,High,142.0,2021-05-27,2021,5,2,1,0,0,0,0,1
EMP001243,30,Male,Sales,Sales Representative,Bachelor,Married,0.2,0.1,0.1,5104,3,3,3,1,3,2,Travel_Frequently,No,4,0,1,Yes,Train,25-34,<1 Year,Low,Good,High,High,Low,High,98.0,2023-10-20,2023,10,4,0,1,0,1,0,1
EMP001255,44,Female,Sales,Sales Manager,Bachelor,Married,0.9,0.4,0.1,5248,3,4,3,1,3,3,Travel_Rarely,No,2,1,2,Yes,Test,35-44,<1 Year,Low,Good,High,Very High,Low,High,96.0,2023-02-07,2023,2,1,0,1,0,0,0,1
EMP001260,34,Male,Customer Service,Customer Success Manager,Bachelor,Single,1.7,1.0,0.7,4145,4,3,1,4,3,23,Travel_Rarely,No,2,1,1,Yes,Train,25-34,1-3 Years,Low,Good,Very High,High,Very High,Low,98.0,2022-04-21,2022,4,2,0,0,0,0,1,1
EMP001269,29,Male,Sales,Sales Representative,High School,Married,1.3,0.7,0.6,5296,3,2,4,3,1,4,Travel_Rarely,No,1,3,2,Yes,Train,25-34,1-3 Years,Low,Poor,High,Medium,High,High,45.0,2022-09-14,2022,9,3,0,0,0,0,0,1
EMP001273,26,Male,IT,System Administrator,Master,Single,0.6,0.4,0.3,6445,4,4,3,1,3,1,Travel_Rarely,Yes,2,1,3,Yes,Train,25-34,<1 Year,Medium-High,Good,Very High,Very High,Low,High,97.0,2023-05-27,2023,5,2,0,1,1,0,0,1
EMP001282,33,Male,Marketing,Marketing Manager,High School,Married,8.4,6.9,5.2,6890,1,2,3,3,3,17,Travel_Rarely,No,2,1,4,Yes,Test,25-34,5-10 Years,Medium-High,Good,Low,Medium,High,High,137.0,2015-08-10,2015,8,3,0,0,0,0,0,1
EMP001304,28,Male,Customer Service,Customer Success Manager,Master,Divorced,12.7,10.7,6.6,5978,1,3,1,1,3,7,Non-Travel,No,1,1,3,Yes,Train,25-34,10+ Years,Medium-Low,Good,Low,High,Low,High,153.0,2011-04-24,2011,4,2,0,0,0,0,0,1
EMP001315,35,Male,Human Resources,HR Director,Bachelor,Married,0.4,0.4,0.2,4752,1,3,1,3,1,6,Travel_Frequently,No,4,2,2,Yes,Test,25-34,<1 Year,Low,Poor,Low,High,High,High,49.0,2023-08-08,2023,8,3,0,1,0,1,0,1
EMP001324,38,Male,Sales,Sales Director,High School,Married,1.9,0.7,0.5,5398,2,3,2,1,3,9,Non-Travel,No,1,2,1,Yes,Train,35-44,1-3 Years,Low,Good,Medium,High,Low,High,98.0,2022-02-07,2022,2,1,0,0,0,0,0,1
EMP001325,35,Male,Marketing,Digital Marketer,High School,Single,0.5,0.2,0.1,5600,2,2,3,1,3,16,Travel_Rarely,Yes,1,0,2,Yes,Train,25-34,<1 Year,Medium-Low,Good,Medium,Medium,Low,High,92.0,2023-07-03,2023,7,3,0,1,1,0,0,1
EMP001346,23,Male,Sales,Sales Representative,Bachelor,Single,2.0,1.7,1.0,5418,3,4,3,3,3,9,Non-Travel,No,5,0,1,Yes,Test,Under 25,1-3 Years,Medium-Low,Good,High,Very High,High,Low,111.0,2022-01-01,2022,1,1,0,0,0,0,0,1
EMP001357,30,Female,Sales,Sales Director,Bachelor,Married,2.9,1.8,0.7,5575,1,3,3,2,3,4,Non-Travel,No,3,1,1,Yes,Train,25-34,1-3 Years,Medium-Low,Good,Low,High,Medium,High,110.0,2021-02-07,2021,2,1,0,0,0,0,0,1
EMP001360,36,Male,Operations,Process Analyst,Bachelor,Married,2.4,0.9,0.6,5321,3,3,3,4,2,3,Travel_Rarely,No,7,3,1,Yes,Train,35-44,1-3 Years,Low,Below Average,High,High,Very High,Low,94.0,2021-08-08,2021,8,3,0,0,0,0,0,1
EMP001394,36,Female,Sales,Account Manager,Bachelor,Married,0.3,0.2,0.2,5137,4,1,3,2,3,1,Travel_Frequently,No,4,3,2,Yes,Train,35-44,<1 Year,Low,Good,Very High,Low,Medium,High,99.0,2023-09-14,2023,9,3,0,1,0,1,0,1
EMP001403,44,Male,Sales,Sales Manager,High School,Married,1.6,0.7,0.7,5369,4,3,1,3,3,1,Non-Travel,No,4,1,4,Yes,Test,35-44,1-3 Years,Low,Good,Very High,High,High,Low,106.0,2022-05-27,2022,5,2,0,0,0,0,0,1
EMP001410,32,Male,Engineering,Architect,Master,Married,0.8,0.4,0.3,6910,4,3,3,1,3,10,Travel_Rarely,Yes,1,0,2,Yes,Train,25-34,<1 Year,Medium-High,Good,Very High,High,Low,High,96.0,2023-03-15,2023,3,1,0,1,1,0,0,1
EMP001423,32,Female,Operations,Operations Manager,Bachelor,Married,0.5,0.3,0.1,5010,1,2,2,3,2,17,Non-Travel,Yes,1,0,4,Yes,Train,25-34,<1 Year,Low,Below Average,Low,Medium,High,High,66.0,2023-07-03,2023,7,3,0,1,1,0,0,1
EMP001424,28,Male,Sales,Sales Manager,Bachelor,Married,1.9,1.6,0.8,5426,3,3,1,2,3,21,Non-Travel,Yes,4,0,3,Yes,Test,25-34,1-3 Years,Medium-Low,Good,High,High,Medium,High,107.0,2022-02-07,2022,2,1,0,0,1,0,1,1
EMP001433,41,Female,Marketing,Marketing Specialist,Bachelor,Single,1.8,0.6,0.3,5787,1,3,4,2,2,6,Non-Travel,Yes,2,1,1,Yes,Train,35-44,1-3 Years,Medium-Low,Below Average,Low,High,Medium,High,77.0,2022-03-15,2022,3,1,0,0,1,0,0,1
EMP001438,47,Female,Human Resources,HR Specialist,Bachelor,Married,0.7,0.5,0.5,4773,1,3,3,4,3,18,Travel_Rarely,No,1,3,2,Yes,Train,45-54,<1 Year,Low,Good,Low,High,Very High,High,91.0,2023-04-21,2023,4,2,0,1,0,0,0,1
EMP001449,44,Male,Engineering,Architect,Bachelor,Divorced,15.1,11.8,9.3,9256,4,3,4,4,2,15,Travel_Rarely,No,4,0,1,Yes,Train,35-44,10+ Years,High,Below Average,Very High,High,Very High,Low,156.0,2008-11-29,2008,11,4,0,0,0,0,0,1
EMP001456,22,Male,Marketing,Marketing Specialist,Bachelor,Single,0.2,0.1,0.1,5527,3,3,3,4,4,1,Travel_Rarely,Yes,5,1,3,Yes,Test,Under 25,<1 Year,Medium-Low,Excellent,High,High,Very High,High,127.0,2023-10-20,2023,10,4,1,1,1,0,0,1
EMP001457,41,Male,Sales,Sales Representative,High School,Married,0.9,0.7,0.6,5248,3,3,4,1,3,14,Travel_Rarely,Yes,8,1,1,Yes,Train,35-44,<1 Year,Low,Good,High,High,Low,High,114.0,2023-02-07,2023,2,1,0,1,1,0,0,1
EMP001486,42,Female,Sales,Sales Representative,Master,Married,1.3,0.5,0.3,5317,4,4,4,2,3,2,Non-Travel,Yes,2,2,1,Yes,Test,35-44,1-3 Years,Low,Good,Very High,Very High,Medium,High,98.0,2022-09-14,2022,9,3,0,0,1,0,0,1
EMP001505,33,Female,Marketing,Marketing Manager,Master,Married,3.9,2.6,1.0,6166,1,3,3,2,3,1,Travel_Rarely,Yes,3,1,3,Yes,Train,25-34,3-5 Years,Medium-Low,Good,Low,High,Medium,High,116.0,2020-02-08,2020,2,1,0,0,1,0,0,1
EMP001514,22,Male,Engineering,Senior Engineer,Bachelor,Married,1.0,0.5,0.3,6946,3,3,3,1,2,1,Non-Travel,Yes,8,3,4,Yes,Test,Under 25,<1 Year,Medium-High,Below Average,High,High,Low,High,93.0,2023-01-01,2023,1,1,0,1,1,0,0,1
EMP001520,49,Female,Engineering,Lead Engineer,Bachelor,Divorced,0.9,0.4,0.1,6885,3,3,3,4,3,2,Travel_Frequently,No,3,1,3,Yes,Train,45-54,<1 Year,Medium-High,Good,High,High,Very High,Medium,102.0,2023-02-07,2023,2,1,0,1,0,1,0,1
EMP001530,26,Male,Marketing,Brand Manager,Bachelor,Single,0.9,0.6,0.5,5680,3,3,2,1,3,3,Non-Travel,No,4,0,2,Yes,Train,25-34,<1 Year,Medium-Low,Good,High,High,Low,High,103.0,2023-02-07,2023,2,1,0,1,0,0,0,1
EMP001533,37,Female,Engineering,Software Engineer,Master,Married,6.0,4.2,2.0,7750,3,2,1,4,3,18,Travel_Frequently,Yes,4,2,3,Yes,Train,35-44,5-10 Years,High,Good,High,Medium,Very High,High,132.0,2018-01-02,2018,1,1,0,0,1,1,0,1
EMP001542,49,Male,Human Resources,Recruiter,Bachelor,Single,0.4,0.4,0.2,4744,3,4,3,4,2,7,Travel_Rarely,No,3,0,3,Yes,Test,45-54,<1 Year,Low,Below Average,High,Very High,Very High,Medium,70.0,2023-08-08,2023,8,3,0,1,0,0,0,1
EMP001546,38,Female,Marketing,Brand Manager,Bachelor,Divorced,1.6,1.2,0.3,5764,3,3,1,4,3,2,Non-Travel,No,3,3,1,Yes,Train,35-44,1-3 Years,Medium-Low,Good,High,High,Very High,Medium,104.0,2022-05-27,2022,5,2,0,0,0,0,0,1
EMP001549,41,Male,Human Resources,HR Director,Master,Married,0.9,0.6,0.3,4842,3,3,3,4,3,2,Travel_Rarely,Yes,3,0,1,Yes,Train,35-44,<1 Year,Low,Good,High,High,Very High,High,98.0,2023-02-07,2023,2,1,0,1,1,0,0,1
EMP001551,34,Male,Sales,Sales Director,Bachelor,Single,0.2,0.1,0.1,5102,2,3,4,2,1,11,Travel_Frequently,No,3,1,3,Yes,Train,25-34,<1 Year,Low,Poor,Medium,High,Medium,High,45.0,2023-10-20,2023,10,4,0,1,0,1,0,1
EMP001553,27,Female,Engineering,Senior Engineer,Master,Married,3.2,2.3,1.9,7316,4,2,4,3,4,3,Travel_Rarely,Yes,1,0,2,Yes,Test,25-34,3-5 Years,High,Excellent,Very High,Medium,High,High,134.0,2020-10-20,2020,10,4,1,0,1,0,0,1
EMP001570,30,Male,Customer Service,Customer Service Rep,Bachelor,Married,12.2,9.7,7.4,5899,4,2,2,3,4,1,Travel_Rarely,Yes,4,2,2,Yes,Train,25-34,10+ Years,Medium-Low,Excellent,Very High,Medium,High,High,185.0,2011-10-23,2011,10,4,1,0,1,0,0,1
EMP001571,41,Male,Sales,Sales Manager,Bachelor,Divorced,1.3,1.3,1.3,5319,1,3,3,1,3,7,Non-Travel,No,2,1,3,Yes,Test,35-44,1-3 Years,Low,Good,Low,High,Low,High,98.0,2022-09-14,2022,9,3,0,0,0,0,0,1
EMP001581,36,Male,Sales,Account Manager,Bachelor,Married,0.2,0.2,0.1,5136,4,3,3,1,3,1,Non-Travel,No,5,3,1,Yes,Train,35-44,<1 Year,Low,Good,Very High,High,Low,High,101.0,2023-10-20,2023,10,4,0,1,0,0,0,1
EMP001586,40,Female,Human Resources,HR Manager,Master,Divorced,0.8,0.4,0.3,4798,3,3,4,3,3,1,Travel_Rarely,No,6,1,1,Yes,Train,35-44,<1 Year,Low,Good,High,High,High,Medium,107.0,2023-03-15,2023,3,1,0,1,0,0,0,1
EMP001589,28,Female,Engineering,Lead Engineer,Bachelor,Married,0.6,0.3,0.1,6845,1,2,3,1,3,6,Travel_Frequently,No,3,0,3,Yes,Train,25-34,<1 Year,Medium-High,Good,Low,Medium,Low,High,101.0,2023-05-27,2023,5,2,0,1,0,1,0,1
EMP001598,51,Female,Sales,Sales Representative,Bachelor,Married,3.3,2.3,2.0,5620,4,2,4,3,3,5,Travel_Rarely,No,2,0,1,Yes,Train,45-54,3-5 Years,Medium-Low,Good,Very High,Medium,High,High,109.0,2020-09-14,2020,9,3,0,0,0,0,0,1
EMP001607,35,Male,Sales,Sales Director,Master,Divorced,2.2,1.1,0.5,5436,3,3,4,2,2,5,Non-Travel,No,1,0,2,Yes,Test,25-34,1-3 Years,Medium-Low,Below Average,High,High,Medium,High,75.0,2021-10-20,2021,10,4,0,0,0,0,0,1
EMP001612,22,Female,IT,DevOps Engineer,High School,Married,0.5,0.4,0.2,6445,1,2,4,1,3,1,Non-Travel,No,3,0,6,Yes,Test,Under 25,<1 Year,Medium-High,Good,Low,Medium,Low,High,99.0,2023-07-03,2023,7,3,0,1,0,0,0,1
EMP001614,34,Male,Sales,Account Manager,Master,Married,2.8,0.9,0.3,5579,3,1,3,1,2,11,Non-Travel,No,2,1,2,Yes,Test,25-34,1-3 Years,Medium-Low,Below Average,High,Low,Low,High,81.0,2021-03-16,2021,3,1,0,0,0,0,0,1
EMP001616,60,Male,Engineering,Senior Engineer,Master,Single,1.1,0.7,0.4,6957,3,4,3,2,3,14,Travel_Rarely,Yes,2,3,1,Yes,Train,55+,1-3 Years,High,Good,High,Very High,Medium,High,100.0,2022-11-26,2022,11,4,0,0,1,0,0,1
EMP001627,31,Female,Engineering,Lead Engineer,PhD,Single,2.8,2.6,1.6,7216,4,3,3,1,3,15,Non-Travel,No,2,0,1,Yes,Test,25-34,1-3 Years,High,Good,Very High,High,Low,High,109.0,2021-03-16,2021,3,1,0,0,0,0,0,1
EMP001632,28,Male,Sales,Sales Director,Bachelor,Married,3.2,1.9,1.0,5643,4,4,3,3,2,34,Travel_Rarely,Yes,4,1,1,Yes,Train,25-34,3-5 Years,Medium-Low,Below Average,Very High,Very High,High,Low,89.0,2020-10-20,2020,10,4,0,0,1,0,1,1
EMP001633,29,Male,Marketing,Marketing Manager,Bachelor,Married,7.0,3.0,1.5,6652,3,2,2,3,3,23,Travel_Frequently,No,0,1,1,Yes,Train,25-34,5-10 Years,Medium-High,Good,High,Medium,High,High,123.0,2017-01-02,2017,1,1,0,0,0,1,1,1
EMP001636,31,Male,Customer Service,Customer Service Rep,Bachelor,Married,4.0,3.4,2.1,4531,3,2,3,4,3,2,Travel_Rarely,No,3,1,1,Yes,Train,25-34,3-5 Years,Low,Good,High,Medium,Very High,High,113.0,2020-01-02,2020,1,1,0,0,0,0,0,1
EMP001640,26,Female,Sales,Account Manager,Master,Single,4.5,4.2,3.4,5818,3,2,3,1,3,5,Non-Travel,Yes,2,2,4,Yes,Train,25-34,3-5 Years,Medium-Low,Good,High,Medium,Low,High,115.0,2019-07-04,2019,7,3,0,0,1,0,0,1
EMP001642,46,Female,Sales,Sales Representative,High School,Married,0.8,0.7,0.5,5232,3,3,2,3,4,8,Travel_Rarely,Yes,3,3,1,Yes,Test,45-54,<1 Year,Low,Excellent,High,High,High,High,123.0,2023-03-15,2023,3,1,1,1,1,0,0,1
EMP001650,55,Male,IT,DevOps Engineer,High School,Single,2.2,2.0,0.4,6694,3,3,4,2,2,1,Non-Travel,No,3,1,3,Yes,Test,45-54,1-3 Years,Medium-High,Below Average,High,High,Medium,High,83.0,2021-10-20,2021,10,4,0,0,0,0,0,1
EMP001654,32,Male,Engineering,Senior Engineer,Master,Married,2.3,0.7,0.7,7131,2,2,3,1,3,9,Travel_Rarely,No,0,2,2,Yes,Test,25-34,1-3 Years,High,Good,Medium,Medium,Low,High,101.0,2021-09-14,2021,9,3,0,0,0,0,0,1
EMP001655,37,Male,IT,System Administrator,Master,Married,1.1,0.4,0.1,6508,4,4,4,1,3,1,Travel_Rarely,No,2,0,3,Yes,Train,35-44,1-3 Years,Medium-High,Good,Very High,Very High,Low,High,100.0,2022-11-26,2022,11,4,0,0,0,0,0,1
EMP001661,45,Male,Engineering,Architect,High School,Married,2.3,1.7,1.2,7126,1,2,2,3,3,7,Travel_Rarely,Yes,3,2,1,Yes,Train,35-44,1-3 Years,High,Good,Low,Medium,High,High,110.0,2021-09-14,2021,9,3,0,0,1,0,0,1
EMP001672,32,Male,Sales,Account Manager,Bachelor,Single,0.6,0.4,0.2,5194,1,3,2,1,3,1,Non-Travel,No,5,2,2,Yes,Train,25-34,<1 Year,Low,Good,Low,High,Low,High,103.0,2023-05-27,2023,5,2,0,1,0,0,0,1
EMP001677,44,Female,Sales,Sales Representative,Bachelor,Married,0.7,0.3,0.2,5187,2,3,3,1,3,1,Travel_Rarely,No,5,0,1,Yes,Test,35-44,<1 Year,Low,Good,Medium,High,Low,High,104.0,2023-04-21,2023,4,2,0,1,0,0,0,1
EMP001680,31,Female,Customer Service,Customer Service Rep,High School,Married,5.2,1.7,0.6,4723,4,4,4,1,3,2,Non-Travel,No,2,1,3,Yes,Test,25-34,5-10 Years,Low,Good,Very High,Very High,Low,High,116.0,2018-10-21,2018,10,4,0,0,0,0,0,1
EMP001682,34,Male,Engineering,Senior Engineer,Bachelor,Married,1.7,0.7,0.4,7033,2,4,3,1,1,8,Non-Travel,Yes,3,3,1,Yes,Train,25-34,1-3 Years,High,Poor,Medium,Very High,Low,High,57.0,2022-04-21,2022,4,2,0,0,1,0,0,1
EMP001684,37,Female,IT,IT Manager,Master,Single,1.0,0.7,0.5,6491,2,1,2,2,4,6,Travel_Rarely,Yes,3,1,4,Yes,Train,35-44,<1 Year,Medium-High,Excellent,Medium,Low,Medium,High,127.0,2023-01-01,2023,1,1,1,1,1,0,0,1
EMP001688,36,Male,IT,System Administrator,Master,Married,0.1,0.1,0.1,6341,3,2,1,3,3,3,Travel_Rarely,Yes,4,3,2,Yes,Train,35-44,<1 Year,Medium-High,Good,High,Medium,High,High,100.0,2023-11-26,2023,11,4,0,1,1,0,0,1
EMP001701,37,Female,Finance,Financial Analyst,Bachelor,Single,1.6,1.2,1.1,6216,2,1,3,3,3,3,Non-Travel,Yes,4,0,2,Yes,Train,35-44,1-3 Years,Medium-High,Good,Medium,Low,High,High,107.0,2022-05-27,2022,5,2,0,0,1,0,0,1
EMP001709,33,Female,Marketing,Marketing Specialist,High School,Married,7.7,7.5,2.8,6787,2,3,3,1,3,44,Non-Travel,Yes,2,1,3,Yes,Train,25-34,5-10 Years,Medium-High,Good,Medium,High,Low,High,133.0,2016-04-22,2016,4,2,0,0,1,0,1,1
EMP001711,43,Male,IT,System Administrator,Master,Single,0.3,0.3,0.1,6415,3,3,3,2,3,11,Travel_Frequently,No,4,1,2,Yes,Train,35-44,<1 Year,Medium-High,Good,High,High,Medium,High,101.0,2023-09-14,2023,9,3,0,1,0,1,0,1
EMP001719,40,Female,Customer Service,Customer Service Rep,Bachelor,Married,1.1,1.1,0.7,4037,2,3,3,1,3,1,Non-Travel,No,6,2,6,Yes,Train,35-44,1-3 Years,Low,Good,Medium,High,Low,High,107.0,2022-11-26,2022,11,4,0,0,0,0,0,1
EMP001721,39,Female,Sales,Account Manager,Bachelor,Single,0.5,0.4,0.3,5200,3,2,2,4,3,15,Travel_Rarely,No,3,2,1,Yes,Train,35-44,<1 Year,Low,Good,High,Medium,Very High,High,97.0,2023-07-03,2023,7,3,0,1,0,0,0,1
EMP001726,43,Male,Marketing,Brand Manager,Master,Married,14.2,13.2,11.9,7875,3,3,4,3,3,1,Non-Travel,No,5,0,1,Yes,Train,35-44,10+ Years,High,Good,High,High,High,Low,177.0,2009-10-23,2009,10,4,0,0,0,0,0,1
EMP001740,48,Female,Engineering,Software Engineer,Bachelor,Single,1.5,1.5,1.0,7025,3,1,4,3,3,14,Travel_Frequently,Yes,3,0,3,Yes,Train,45-54,1-3 Years,High,Good,High,Low,High,High,106.0,2022-07-03,2022,7,3,0,0,1,1,0,1
EMP001743,35,Male,Sales,Sales Director,Bachelor,Divorced,4.0,1.2,0.7,5750,3,2,4,1,3,2,Travel_Rarely,Yes,8,1,3,Yes,Train,25-34,3-5 Years,Medium-Low,Good,High,Medium,Low,High,130.0,2020-01-02,2020,1,1,0,0,1,0,0,1
EMP001760,45,Female,Engineering,Lead Engineer,Bachelor,Married,0.8,0.3,0.2,6871,3,3,1,1,3,10,Travel_Rarely,Yes,6,0,7,Yes,Train,35-44,<1 Year,Medium-High,Good,High,High,Low,High,111.0,2023-03-15,2023,3,1,0,1,1,0,0,1
EMP001764,22,Female,Engineering,Lead Engineer,Bachelor,Single,2.2,1.5,0.5,7134,3,4,3,2,3,12,Travel_Frequently,Yes,5,0,1,Yes,Train,Under 25,1-3 Years,High,Good,High,Very High,Medium,High,115.0,2021-10-20,2021,10,4,0,0,1,1,0,1
EMP001770,39,Male,Marketing,Brand Manager,Bachelor,Married,7.2,5.7,4.5,6726,2,1,3,3,3,18,Non-Travel,Yes,3,0,2,Yes,Train,35-44,5-10 Years,Medium-High,Good,Medium,Low,High,High,133.0,2016-10-21,2016,10,4,0,0,1,0,0,1
EMP001776,24,Male,Engineering,Lead Engineer,Master,Divorced,3.1,1.8,1.0,7260,4,3,3,2,2,1,Non-Travel,Yes,3,0,1,Yes,Train,Under 25,3-5 Years,High,Below Average,Very High,High,Medium,High,89.0,2020-11-26,2020,11,4,0,0,1,0,0,1
EMP001781,23,Male,Engineering,Architect,Bachelor,Single,1.2,0.8,0.6,6938,3,3,4,3,3,24,Travel_Rarely,Yes,1,3,5,Yes,Train,Under 25,1-3 Years,Medium-High,Good,High,High,High,High,98.0,2022-10-20,2022,10,4,0,0,1,0,1,1
EMP001788,28,Male,Finance,Finance Manager,Master,Married,8.2,4.7,4.0,7283,1,4,3,1,3,10,Travel_Rarely,No,4,0,1,Yes,Train,25-34,5-10 Years,High,Good,Low,Very High,Low,High,143.0,2015-10-23,2015,10,4,0,0,0,0,0,1
EMP001792,35,Male,Sales,Sales Manager,Bachelor,Married,1.8,0.7,0.7,5403,3,2,3,1,2,2,Travel_Rarely,No,2,1,4,Yes,Test,25-34,1-3 Years,Low,Below Average,High,Medium,Low,High,76.0,2022-03-15,2022,3,1,0,0,0,0,0,1
EMP001803,29,Female,Human Resources,HR Director,Master,Married,3.9,2.5,1.9,5336,1,3,3,3,1,1,Non-Travel,No,1,0,1,Yes,Test,25-34,3-5 Years,Low,Poor,Low,High,High,High,58.0,2020-02-08,2020,2,1,0,0,0,0,0,1
EMP001804,22,Female,Engineering,Software Engineer,High School,Divorced,2.4,0.8,0.3,7169,3,2,1,1,3,1,Non-Travel,Yes,5,0,1,Yes,Train,Under 25,1-3 Years,High,Good,High,Medium,Low,High,116.0,2021-08-08,2021,8,3,0,0,1,0,0,1
EMP001812,36,Male,Finance,Financial Analyst,Bachelor,Married,5.3,1.6,0.6,6828,1,4,3,3,4,12,Non-Travel,Yes,5,0,4,Yes,Train,35-44,5-10 Years,Medium-High,Excellent,Low,Very High,High,High,155.0,2018-09-15,2018,9,3,1,0,1,0,0,1
EMP001823,33,Male,Finance,Financial Analyst,Master,Married,8.8,7.6,6.3,7397,4,4,4,4,3,25,Non-Travel,Yes,5,0,3,Yes,Train,25-34,5-10 Years,High,Good,Very High,Very High,Very High,Low,149.0,2015-03-17,2015,3,1,0,0,1,0,1,1
EMP001824,29,Male,Engineering,Lead Engineer,Bachelor,Married,0.2,0.2,0.1,6816,4,3,3,2,2,9,Travel_Rarely,No,2,0,2,Yes,Train,25-34,<1 Year,Medium-High,Below Average,Very High,High,Medium,High,71.0,2023-10-20,2023,10,4,0,1,0,0,0,1
EMP001828,46,Male,Human Resources,HR Manager,Bachelor,Single,0.2,0.1,0.1,4701,4,3,4,2,3,1,Non-Travel,No,6,1,1,Yes,Train,45-54,<1 Year,Low,Good,Very High,High,Medium,High,103.0,2023-10-20,2023,10,4,0,1,0,0,0,1
EMP001829,34,Male,Finance,Financial Analyst,High School,Married,0.1,0.1,0.1,5935,3,2,4,3,3,32,Travel_Frequently,No,2,1,1,Yes,Train,25-34,<1 Year,Medium-Low,Good,High,Medium,High,High,93.0,2023-11-26,2023,11,4,0,1,0,1,1,1
EMP001839,34,Female,Marketing,Marketing Specialist,Bachelor,Married,7.3,3.8,2.2,6717,3,3,3,2,3,1,Travel_Frequently,Yes,4,2,4,Yes,Train,25-34,5-10 Years,Medium-High,Good,High,High,Medium,High,137.0,2016-09-15,2016,9,3,0,0,1,1,0,1
EMP001843,30,Male,Sales,Sales Director,High School,Single,0.6,0.3,0.1,5185,3,4,3,3,3,3,Non-Travel,No,2,1,4,Yes,Train,25-34,<1 Year,Low,Good,High,Very High,High,Medium,94.0,2023-05-27,2023,5,2,0,1,0,0,0,1
EMP001857,46,Female,Human Resources,HR Specialist,Master,Married,6.0,2.1,0.5,5672,2,3,1,3,3,2,Travel_Rarely,Yes,4,1,1,Yes,Test,45-54,5-10 Years,Medium-Low,Good,Medium,High,High,High,128.0,2018-01-02,2018,1,1,0,0,1,0,0,1
EMP001859,37,Female,Sales,Sales Representative,Master,Married,1.6,0.8,0.3,5367,3,2,3,1,1,2,Travel_Rarely,Yes,2,2,4,Yes,Train,35-44,1-3 Years,Low,Poor,High,Medium,Low,High,50.0,2022-05-27,2022,5,2,0,0,1,0,0,1
EMP001860,37,Male,Sales,Sales Director,Master,Single,0.5,0.4,0.4,5197,4,4,3,2,2,1,Non-Travel,No,2,1,4,Yes,Test,35-44,<1 Year,Low,Below Average,Very High,Very High,Medium,High,69.0,2023-07-03,2023,7,3,0,1,0,0,0,1
EMP001874,41,Female,Engineering,Senior Engineer,Bachelor,Married,1.0,0.6,0.2,6912,3,4,4,3,3,4,Travel_Rarely,No,0,0,3,Yes,Test,35-44,<1 Year,Medium-High,Good,High,Very High,High,Medium,94.0,2023-01-01,2023,1,1,0,1,0,0,0,1
EMP001880,28,Male,Operations,Process Analyst,Bachelor,Single,6.1,4.2,4.1,5936,4,1,4,1,3,1,Travel_Frequently,Yes,3,2,1,Yes,Train,25-34,5-10 Years,Medium-Low,Good,Very High,Low,Low,High,126.0,2017-11-27,2017,11,4,0,0,1,1,0,1
EMP001891,39,Female,Sales,Sales Manager,High School,Single,0.8,0.7,0.3,5239,3,2,2,1,2,2,Travel_Rarely,No,2,1,4,Yes,Train,35-44,<1 Year,Low,Below Average,High,Medium,Low,High,70.0,2023-03-15,2023,3,1,0,1,0,0,0,1
EMP001896,32,Male,Human Resources,Recruiter,Master,Single,3.0,2.8,1.5,5194,1,3,1,1,2,23,Non-Travel,No,4,0,2,Yes,Test,25-34,1-3 Years,Low,Below Average,Low,High,Low,High,87.0,2021-01-01,2021,1,1,0,0,0,0,1,1
EMP001902,32,Female,Marketing,Brand Manager,Master,Divorced,1.2,0.9,0.5,5690,3,4,4,2,1,5,Travel_Frequently,Yes,3,0,3,Yes,Train,25-34,1-3 Years,Medium-Low,Poor,High,Very High,Medium,High,51.0,2022-10-20,2022,10,4,0,0,1,1,0,1
EMP001906,38,Female,Sales,Sales Representative,PhD,Married,0.4,0.3,0.1,5141,3,3,1,3,3,9,Non-Travel,Yes,2,0,2,Yes,Train,35-44,<1 Year,Low,Good,High,High,High,High,93.0,2023-08-08,2023,8,3,0,1,1,0,0,1
EMP001909,25,Female,Marketing,Digital Marketer,High School,Married,8.0,3.4,1.1,6860,2,3,1,4,3,26,Travel_Frequently,Yes,3,0,1,Yes,Train,Under 25,5-10 Years,Medium-High,Good,Medium,High,Very High,High,138.0,2016-01-03,2016,1,1,0,0,1,1,1,1
EMP001910,36,Male,Engineering,Architect,High School,Married,4.7,3.4,2.3,7534,3,1,2,1,3,7,Travel_Rarely,Yes,4,3,1,Yes,Train,35-44,3-5 Years,High,Good,High,Low,Low,High,126.0,2019-04-22,2019,4,2,0,0,1,0,0,1
EMP001919,33,Male,Marketing,Marketing Specialist,Bachelor,Married,2.3,1.8,1.7,5879,2,3,3,3,3,2,Travel_Rarely,Yes,3,0,2,Yes,Train,25-34,1-3 Years,Medium-Low,Good,Medium,High,High,High,107.0,2021-09-14,2021,9,3,0,0,1,0,0,1
EMP001922,40,Female,Operations,Operations Director,Bachelor,Married,1.2,0.8,0.8,5141,3,4,4,2,3,5,Non-Travel,Yes,3,2,1,Yes,Train,35-44,1-3 Years,Low,Good,High,Very High,Medium,High,100.0,2022-10-20,2022,10,4,0,0,1,0,0,1
EMP001925,51,Male,Marketing,Marketing Specialist,Bachelor,Married,1.9,1.6,1.0,5812,3,2,3,4,3,13,Travel_Rarely,No,2,0,2,Yes,Train,45-54,1-3 Years,Medium-Low,Good,High,Medium,Very High,High,102.0,2022-02-07,2022,2,1,0,0,0,0,0,1
EMP001942,31,Female,Finance,Financial Analyst,High School,Married,5.5,5.1,1.3,6867,2,3,3,2,4,4,Travel_Rarely,No,2,3,4,Yes,Test,25-34,5-10 Years,Medium-High,Excellent,Medium,High,Medium,High,147.0,2018-07-04,2018,7,3,1,0,0,0,0,1
EMP001944,32,Female,Sales,Sales Representative,Bachelor,Married,0.2,0.1,0.1,5134,3,2,2,1,3,5,Non-Travel,No,1,1,1,Yes,Train,25-34,<1 Year,Low,Good,High,Medium,Low,High,89.0,2023-10-20,2023,10,4,0,1,0,0,0,1
EMP001949,44,Male,Engineering,Architect,Bachelor,Married,1.3,0.9,0.5,6983,4,4,4,3,3,6,Travel_Frequently,No,1,0,3,Yes,Test,35-44,1-3 Years,High,Good,Very High,Very High,High,Low,98.0,2022-09-14,2022,9,3,0,0,0,1,0,1
EMP001950,34,Male,Human Resources,HR Manager,Bachelor,Married,2.1,0.6,0.4,5045,1,3,3,3,3,9,Travel_Rarely,No,1,2,1,Yes,Train,25-34,1-3 Years,Low,Good,Low,High,High,High,99.0,2021-11-26,2021,11,4,0,0,0,0,0,1
EMP001952,45,Male,Operations,Process Analyst,Master,Single,0.6,0.3,0.2,5021,2,4,2,2,4,10,Travel_Rarely,No,5,1,2,Yes,Test,35-44,<1 Year,Low,Excellent,Medium,Very High,Medium,High,128.0,2023-05-27,2023,5,2,1,1,0,0,0,1
EMP001960,36,Male,IT,DevOps Engineer,High School,Divorced,9.9,3.6,2.6,8006,3,1,2,2,3,3,Travel_Frequently,No,5,3,2,Yes,Train,35-44,5-10 Years,High,Good,High,Low,Medium,High,156.0,2014-02-09,2014,2,1,0,0,0,1,0,1
EMP001963,39,Male,Human Resources,HR Director,Master,Single,1.4,0.5,0.5,4927,4,4,1,2,3,24,Non-Travel,Yes,2,1,3,Yes,Train,35-44,1-3 Years,Low,Good,Very High,Very High,Medium,High,98.0,2022-08-09,2022,8,3,0,0,1,0,1,1
EMP001970,44,Female,Finance,Financial Analyst,Bachelor,Married,2.5,1.5,0.9,6363,3,4,3,3,3,4,Travel_Rarely,Yes,6,1,3,Yes,Train,35-44,1-3 Years,Medium-High,Good,High,Very High,High,High,118.0,2021-07-03,2021,7,3,0,0,1,0,0,1
EMP001975,34,Female,Operations,Process Analyst,High School,Married,4.5,3.5,2.7,5660,4,3,2,2,3,6,Travel_Rarely,No,6,0,3,Yes,Train,25-34,3-5 Years,Medium-Low,Good,Very High,High,Medium,High,127.0,2019-07-04,2019,7,3,0,0,0,0,0,1
EMP001985,42,Male,IT,IT Support,Master,Married,2.0,1.7,0.7,6675,2,3,4,1,3,6,Travel_Rarely,No,3,0,1,Yes,Train,35-44,1-3 Years,Medium-High,Good,Medium,High,Low,High,107.0,2022-01-01,2022,1,1,0,0,0,0,0,1
EMP001986,39,Male,Human Resources,HR Director,High School,Married,0.8,0.8,0.4,4818,2,3,3,3,3,8,Travel_Rarely,No,4,1,1,Yes,Train,35-44,<1 Year,Low,Good,Medium,High,High,High,101.0,2023-03-15,2023,3,1,0,1,0,0,0,1
EMP001991,41,Male,Engineering,Architect,High School,Single,1.8,0.8,0.6,7039,2,4,1,2,3,1,Travel_Frequently,Yes,2,0,4,Yes,Train,35-44,1-3 Years,High,Good,Medium,Very High,Medium,High,104.0,2022-03-15,2022,3,1,0,0,1,1,0,1
EMP002000,29,Female,Engineering,Architect,Bachelor,Single,0.6,0.5,0.5,6857,2,2,3,3,3,15,Travel_Rarely,No,3,1,3,Yes,Train,25-34,<1 Year,Medium-High,Good,Medium,Medium,High,High,101.0,2023-05-27,2023,5,2,0,1,0,0,0,1
